Location(Ghidra),Message Type,Location,Send/Recv,Arguments,Raw
00991b8c,check_version,Area,client->server,"clmajor, clminor, clver",CProtoArea_client::send_check_version
00991bd8,enter_areasv,Area,client->server,userid,CProtoArea_client::send_enter_areasv
00991c0c,leave_areasv,Area,client->server,,CProtoArea_client::send_leave_areasv
00991c38,enter_map_data_request_end,Area,client->server,,CProtoArea_client::send_enter_map_data_request_end
00991c70,enter_map,Area,client->server,"mapid, channelid",CProtoArea_client::send_enter_map
00991ca4,get_maplink_data,Area,client->server,"mapid, channelid",CProtoArea_client::send_get_maplink_data
00991cd4,get_money_data,Area,client->server,,CProtoArea_client::send_get_money_data
00991d00,get_avatar_data,Area,client->server,,CProtoArea_client::send_get_avatar_data
00991d30,get_npc_data,Area,client->server,"mapid, channelid",CProtoArea_client::send_get_npc_data
00991d5c,get_monster_data,Area,client->server,"mapid, channelid",CProtoArea_client::send_get_monster_data
00991d8c,move_avatar,Area,client->server,moves[],CProtoArea_client::send_move_avatar
00991dc0,move_robo,Area,client->server,roboid,CProtoArea_client::send_move_robo
00991de8,emotion_chara,Area,client->server,"objid, emoid",CProtoArea_client::send_emotion_chara
00991e1c,voice_chara,Area,client->server,"objid, voiceid",CProtoArea_client::send_voice_chara
00991e48,select_init_island_end,Area,client->server,islandid,CProtoArea_client::send_select_init_island_end
00991e7c,get_robo_create_info,Area,client->server,,CProtoArea_client::send_get_robo_create_info
00991eb0,robo_create,Area,client->server,"name, modelid",CProtoArea_client::send_robo_create
00991ef0,robo_destroy,Area,client->server,roboid,CProtoArea_client::send_robo_destroy
00991f1c,get_robo_list,Area,client->server,,CProtoArea_client::send_get_robo_list
00991f48,robo_rest,Area,client->server,roboid,CProtoArea_client::send_robo_rest
00991f70,robo_call,Area,client->server,roboid,CProtoArea_client::send_robo_call
00991f98,robo_squire,Area,client->server,roboid,CProtoArea_client::send_robo_squire
00991fc4,robo_talk_post,Area,client->server,"roboid, message",CProtoArea_client::send_robo_talk_post
00991ff0,robo_update_aiscript,Area,client->server,"roboid, aiscriptid",CProtoArea_client::send_robo_update_aiscript
00992030,robo_aiscript_start,Area,client->server,roboid,CProtoArea_client::send_robo_aiscript_start
00992064,robo_aiscript_end,Area,client->server,roboid,CProtoArea_client::send_robo_aiscript_end
00992094,robo_furnact_start,Area,client->server,"roboid, furnid",CProtoArea_client::send_robo_furnact_start
009920cc,robo_furnact_end,Area,client->server,roboid,CProtoArea_client::send_robo_furnact_end
009920fc,robo_attach,Area,client->server,roboid,CProtoArea_client::send_robo_attach
00992128,robo_attach_request_r,Area,client->server,"roboid, result",CProtoArea_client::send_robo_attach_request_r
0099215c,robo_detach_from_robo,Area,client->server,roboid,CProtoArea_client::send_robo_detach_from_robo
00992190,robo_detach_from_avatar,Area,client->server,roboid,CProtoArea_client::send_robo_detach_from_avatar
009921c8,get_equip_order_list,Area,client->server,,CProtoArea_client::send_get_equip_order_list
009921fc,get_furniture_base_list,Area,client->server,,CProtoArea_client::send_get_furniture_base_list
00992234,get_item_list,Area,client->server,,CProtoArea_client::send_get_item_list
00992260,item_move,Area,client->server,"from_place, serialid, to_place",CProtoArea_client::send_item_move
009922a0,item_discard,Area,client->server,serialid,CProtoArea_client::send_item_discard
009922d4,item_use,Area,client->server,serialid,CProtoArea_client::send_item_use
0099230c,item_equip_start,Area,client->server,objid,CProtoArea_client::send_item_equip_start
0099233c,item_equip_end,Area,client->server,objid,CProtoArea_client::send_item_equip_end
00992368,item_try_equip_replace,Area,client->server,objid,CProtoArea_client::send_item_try_equip_replace
0099239c,item_try_equip_reset,Area,client->server,objid,CProtoArea_client::send_item_try_equip_reset
009923d0,item_try_equip_fix,Area,client->server,objid,CProtoArea_client::send_item_try_equip_fix
00992400,storage_close,Area,client->server,,CProtoArea_client::send_storage_close
0099242c,storage_deposit,Area,client->server,,CProtoArea_client::send_storage_deposit
0099245c,storage_withdraw,Area,client->server,,CProtoArea_client::send_storage_withdraw
0099248c,itembox_takeout,Area,client->server,,CProtoArea_client::send_itembox_takeout
009924bc,expire_item_limit_select,Area,client->server,"serialid, respond",CProtoArea_client::send_expire_item_limit_select_r
00992500,trashbox_open,Area,client->server,,CProtoArea_client::send_trashbox_open
0099252c,trashbox_close,Area,client->server,,CProtoArea_client::send_trashbox_close
00992558,trashbox_discard_item,Area,client->server,serialids[],CProtoArea_client::send_trashbox_discard_item
0099258c,shop_end,Area,client->server,,CProtoArea_client::send_shop_end
009925b4,shop_buy,Area,client->server,items[],CProtoArea_client::send_shop_buy
009925e8,adventure_shop_end,Area,client->server,,CProtoArea_client::send_adventure_shop_end
00992618,adventure_shop_buy,Area,client->server,"scriptid, price, price_type",CProtoArea_client::send_adventure_shop_buy
00992648,adventure_shop_download_request,Area,client->server,scriptid,CProtoArea_client::send_adventure_shop_download_request
00992688,adventure_shop_genre_search,Area,client->server,"genre, filter, sort, index",CProtoArea_client::send_adventure_shop_genre_search
009926cc,adventure_shop_ranking_search,Area,client->server,sort,CProtoArea_client::send_adventure_shop_ranking_search
00992708,adventure_shop_remove_buy_history,Area,client->server,scriptid,CProtoArea_client::send_adventure_shop_remove_buy_history
00992748,adventure_shop_remove_all_buy_history,Area,client->server,,CProtoArea_client::send_adventure_shop_remove_all_buy_history
0099278c,sheet_shop_start,Area,client->server,,CProtoArea_client::send_sheet_shop_start
009927bc,sheet_shop_end,Area,client->server,,CProtoArea_client::send_sheet_shop_end
009927e8,sheet_shop_buy,Area,client->server,sheet_num,CProtoArea_client::send_sheet_shop_buy
00992814,adventure_upload_end,Area,client->server,,CProtoArea_client::send_adventure_upload_end
00992854,adventure_upload_request,Area,client->server,"workid, title, genre, comment, name, publish",CProtoArea_client::send_adventure_upload_request
009928a4,adventure_upload_request_report,Area,client->server,"report, workid, scriptid",CProtoArea_client::send_adventure_upload_request_report
009928ec,adventure_upload_delete_request,Area,client->server,scriptid,CProtoArea_client::send_adventure_upload_delete_request
0099292c,ai_shop_end,Area,client->server,,CProtoArea_client::send_ai_shop_end
00992958,ai_shop_buy,Area,client->server,"scriptid, price, price_type",CProtoArea_client::send_ai_shop_buy
00992984,ai_shop_download_request,Area,client->server,scriptid,CProtoArea_client::send_ai_shop_download_request
009929bc,ai_shop_genre_search,Area,client->server,"genre, sort, index",CProtoArea_client::send_ai_shop_genre_search
009929f0,ai_shop_ranking_search,Area,client->server,sort,CProtoArea_client::send_ai_shop_ranking_search
00992a24,ai_shop_remove_buy_history,Area,client->server,scriptid,CProtoArea_client::send_ai_shop_remove_buy_history
00992a5c,ai_shop_remove_all_buy_history,Area,client->server,,CProtoArea_client::send_ai_shop_remove_all_buy_history
00992a98,ai_upload_end,Area,client->server,,CProtoArea_client::send_ai_upload_end
00992ac4,ai_upload_request,Area,client->server,,CProtoArea_client::send_ai_upload_request
00992af4,ai_upload_request_report,Area,client->server,,CProtoArea_client::send_ai_upload_request_report
00992b2c,ai_upload_delete_request,Area,client->server,,CProtoArea_client::send_ai_upload_delete_request
00992b64,get_niconi_commons_base_list,Area,client->server,,CProtoArea_client::send_get_niconi_commons_base_list
00992ba0,get_ucc_adv_figure_base_list,Area,client->server,,CProtoArea_client::send_get_ucc_adv_figure_base_list
00992bdc,get_ucc_voice_base_list,Area,client->server,,CProtoArea_client::send_get_ucc_voice_base_list
00992c14,niconi_commons_shop_end,Area,client->server,,CProtoArea_client::send_niconi_commons_shop_end
00992c4c,niconi_commons_shop_buy_commons,Area,client->server,,CProtoArea_client::send_niconi_commons_shop_buy_commons
00992c8c,niconi_commons_shop_buy_figure,Area,client->server,,CProtoArea_client::send_niconi_commons_shop_buy_figure
00992cc8,niconi_commons_shop_buy_voice,Area,client->server,,CProtoArea_client::send_niconi_commons_shop_buy_voice
00992d04,gacha_end,Area,client->server,,CProtoArea_client::send_gacha_end
00992d2c,gacha_buy,Area,client->server,,CProtoArea_client::send_gacha_buy
00992d60,gachaticket_exchange_close,Area,client->server,,CProtoArea_client::send_gachaticket_exchange_close
00992d98,gachaticket_exchange_item_add,Area,client->server,,CProtoArea_client::send_gachaticket_exchange_item_add
00992dd4,gachaticket_exchange_item_del,Area,client->server,,CProtoArea_client::send_gachaticket_exchange_item_del
00992e10,trade_request,Area,client->server,,CProtoArea_client::send_trade_request
00992e3c,trade_respond,Area,client->server,,CProtoArea_client::send_trade_respond
00992e70,trade_cancel,Area,client->server,,CProtoArea_client::send_trade_cancel
00992e9c,trade_decide,Area,client->server,,CProtoArea_client::send_trade_decide
00992ec8,trade_ok,Area,client->server,,CProtoArea_client::send_trade_ok
00992ef0,trade_item_add,Area,client->server,,CProtoArea_client::send_trade_item_add
00992f1c,trade_item_remove,Area,client->server,,CProtoArea_client::send_trade_item_remove
00992f4c,trade_dele_update,Area,client->server,,CProtoArea_client::send_trade_dele_update
00992f7c,event_access_npc,Area,client->server,,CProtoArea_client::send_event_access_npc
00992fb4,event_sync_r,Area,client->server,,CProtoArea_client::send_event_sync_r
00992fe0,event_select_exec_r,Area,client->server,,CProtoArea_client::send_event_select_exec_r
00993020,event_quest_select_exec_r,Area,client->server,,CProtoArea_client::send_event_quest_select_exec_r
00993064,event_bbs_select_exec_r,Area,client->server,,CProtoArea_client::send_event_bbs_select_exec_r
0099309c,event_island_select_exec_r,Area,client->server,,CProtoArea_client::send_event_island_select_exec_r
009930fc,event_areamap_select_exec_r,Area,client->server,,CProtoArea_client::send_event_areamap_select_exec_r
00993138,event_channel_select_exec_r,Area,client->server,,CProtoArea_client::send_event_channel_select_exec_r
00993174,event_set_motion_r,Area,client->server,,CProtoArea_client::send_event_set_motion_r
009931a4,event_script_play_r,Area,client->server,,CProtoArea_client::send_event_script_play_r
009931d8,event_fade_in_r,Area,client->server,,CProtoArea_client::send_event_fade_in_r
00993208,event_fade_out_r,Area,client->server,,CProtoArea_client::send_event_fade_out_r
00993238,event_get_tps_mode_r,Area,client->server,,CProtoArea_client::send_event_get_tps_mode_r
0099326c,event_board_close,Area,client->server,,CProtoArea_client::send_event_board_close
0099329c,event_trade_close,Area,client->server,,CProtoArea_client::send_event_trade_close
009932cc,event_trade_item_set,Area,client->server,,CProtoArea_client::send_event_trade_item_set
00993300,event_trade_item_reset,Area,client->server,,CProtoArea_client::send_event_trade_item_reset
00993334,quest_get_work,Area,client->server,,CProtoArea_client::send_quest_get_work
00993360,quest_get_history,Area,client->server,,CProtoArea_client::send_quest_get_history
00993390,adventure_start,Area,client->server,,CProtoArea_client::send_adventure_start
009933c0,adventure_end,Area,client->server,,CProtoArea_client::send_adventure_end
009933ec,get_adventure_download_list,Area,client->server,,CProtoArea_client::send_get_adventure_download_list
00993428,get_adventure_upload_list,Area,client->server,,CProtoArea_client::send_get_adventure_upload_list
00993460,get_adventure_work_list,Area,client->server,,CProtoArea_client::send_get_adventure_work_list
00993498,get_adventure_upload_rate,Area,client->server,,CProtoArea_client::send_get_adventure_upload_rate
009934d0,adventure_download_delete_request,Area,client->server,,CProtoArea_client::send_adventure_download_delete_request
00993510,adventure_work_create,Area,client->server,,CProtoArea_client::send_adventure_work_create
00993544,adventure_work_delete,Area,client->server,,CProtoArea_client::send_adventure_work_delete
00993578,adventure_work_add_sheet,Area,client->server,,CProtoArea_client::send_adventure_work_add_sheet
009935b0,adventure_work_sub_sheet,Area,client->server,,CProtoArea_client::send_adventure_work_sub_sheet
009935e8,get_ai_download_list,Area,client->server,,CProtoArea_client::send_get_ai_download_list
0099361c,get_ai_upload_list,Area,client->server,,CProtoArea_client::send_get_ai_upload_list
0099364c,get_ai_upload_rate,Area,client->server,,CProtoArea_client::send_get_ai_upload_rate
0099367c,ai_download_delete_request,Area,client->server,,CProtoArea_client::send_ai_download_delete_request
009936b4,get_friend_link_tag_data,Area,client->server,,CProtoArea_client::send_get_friend_link_tag_data
009936ec,friend_link_tag_change,Area,client->server,,CProtoArea_client::send_friend_link_tag_change
0099372c,get_free_friend_link_tag,Area,client->server,,CProtoArea_client::send_get_free_friend_link_tag
00993764,get_friend_list_data,Area,client->server,,CProtoArea_client::send_get_friend_list_data
00993798,request_add_friend_list,Area,client->server,,CProtoArea_client::send_request_add_friend_list
009937d0,request_friend_list_answer,Area,client->server,,CProtoArea_client::send_request_friend_list_answer
00993810,delete_friend_list,Area,client->server,,CProtoArea_client::send_delete_friend_list
00993840,request_add_friend_list_cancel,Area,client->server,,CProtoArea_client::send_request_add_friend_list_cancel
0099387c,room_list_close,Area,client->server,,CProtoArea_client::send_room_list_close
009938ac,myroom_update_name,Area,client->server,,CProtoArea_client::send_myroom_update_name
009938dc,myroom_update_security,Area,client->server,,CProtoArea_client::send_myroom_update_security
00993910,get_myroom_furniture,Area,client->server,,CProtoArea_client::send_get_myroom_furniture
00993944,myroom_start_furniture,Area,client->server,,CProtoArea_client::send_myroom_start_furniture
00993978,myroom_end_furniture,Area,client->server,,CProtoArea_client::send_myroom_end_furniture
009939ac,myroom_set_furniture,Area,client->server,,CProtoArea_client::send_myroom_set_furniture
009939e0,myroom_remove_furniture,Area,client->server,,CProtoArea_client::send_myroom_remove_furniture
00993a18,myroom_update_furniture,Area,client->server,,CProtoArea_client::send_myroom_update_furniture
00993a50,myroom_use_furniture,Area,client->server,,CProtoArea_client::send_myroom_use_furniture
00993a84,nicotv_open_by_furniture,Area,client->server,,CProtoArea_client::send_nicotv_open_by_furniture
00993abc,nicotv_close,Area,client->server,,CProtoArea_client::send_nicotv_close
00993ae8,nicotv_get_info_by_furniture,Area,client->server,,CProtoArea_client::send_nicotv_get_info_by_furniture
00993b24,nicotv_play,Area,client->server,,CProtoArea_client::send_nicotv_play
00993b50,nicotv_set_channel,Area,client->server,,CProtoArea_client::send_nicotv_set_channel
00993b80,nicotv_set_movie,Area,client->server,,CProtoArea_client::send_nicotv_set_movie
00993bb0,nicotv_get_playhead_time,Area,client->server,,CProtoArea_client::send_nicotv_get_playhead_time
00993be8,nicotv_get_playhead_time_request_r,Area,client->server,,CProtoArea_client::send_nicotv_get_playhead_time_request_r
00993c28,nicolive_reload,Area,client->server,,CProtoArea_client::send_nicolive_reload
00993c58,get_my_avatar_myprofile_data,Area,client->server,,CProtoArea_client::send_get_my_avatar_myprofile_data
00993c94,edit_avatar_myprofile,Area,client->server,,CProtoArea_client::send_edit_avatar_myprofile
00993cc8,get_other_avatar_myprofile_data,Area,client->server,,CProtoArea_client::send_get_other_avatar_myprofile_data
00993d08,get_my_robo_myprofile_data,Area,client->server,,CProtoArea_client::send_get_my_robo_myprofile_data
00993d40,edit_robo_myprofile,Area,client->server,,CProtoArea_client::send_edit_robo_myprofile
00993d74,get_other_robo_myprofile_data,Area,client->server,,CProtoArea_client::send_get_other_robo_myprofile_data
00993db0,close_myprofile,Area,client->server,,CProtoArea_client::send_close_myprofile
00993de0,get_emotion_base_list,Area,client->server,,CProtoArea_client::send_get_emotion_base_list
00993e14,get_obtained_emotion_list,Area,client->server,,CProtoArea_client::send_get_obtained_emotion_list
00993e4c,update_option,Area,client->server,,CProtoArea_client::send_update_option
00993e78,update_robo_voice_type,Area,client->server,,CProtoArea_client::send_update_robo_voice_type
00993eac,get_time_zone,Area,client->server,,CProtoArea_client::send_get_time_zone
00993ed8,placard_setting,Area,client->server,,CProtoArea_client::send_placard_setting
00993f10,placard_remove,Area,client->server,,CProtoArea_client::send_placard_remove
00993f3c,nps_point_get,Area,client->server,,CProtoArea_client::send_nps_point_get
00993f68,pickup_mascot,Area,client->server,,CProtoArea_client::send_pickup_mascot
00993f94,get_mascot_count,Area,client->server,,CProtoArea_client::send_get_mascot_count
00993fc4,itemcode_close,Area,client->server,,CProtoArea_client::send_itemcode_close
00993ff8,battle_target_lock,Area,client->server,,CProtoArea_client::send_battle_target_lock
00994028,battle_target_unlock,Area,client->server,,CProtoArea_client::send_battle_target_unlock
0099405c,battle_attack_start,Area,client->server,,CProtoArea_client::send_battle_attack_start
00994098,battle_attack_cancel,Area,client->server,,CProtoArea_client::send_battle_attack_cancel
009940cc,battle_attack_exec,Area,client->server,,CProtoArea_client::send_battle_attack_exec
009940fc,battle_attack_blaze,Area,client->server,,CProtoArea_client::send_battle_attack_blaze
00994130,battle_kill_shot_ready,Area,client->server,,CProtoArea_client::send_battle_kill_shot_ready
00994164,battle_dash_exec,Area,client->server,,CProtoArea_client::send_battle_dash_exec
00994194,battle_dash_finish,Area,client->server,,CProtoArea_client::send_battle_dash_finish
009941c4,get_obtained_skill_list,Area,client->server,,CProtoArea_client::send_get_obtained_skill_list
009941fc,get_cosplay_list,Area,client->server,,CProtoArea_client::send_get_cosplay_list
0099422c,shot_skill_cancell,Area,client->server,,CProtoArea_client::send_shot_skill_cancell
0099425c,get_ai_palette_list,Area,client->server,,CProtoArea_client::send_get_ai_palette_list
00994290,open_ai_palette,Area,client->server,,CProtoArea_client::send_open_ai_palette
009942c0,close_ai_palette,Area,client->server,,CProtoArea_client::send_close_ai_palette
009942f0,set_ai_palette,Area,client->server,,CProtoArea_client::send_set_ai_palette
0099431c,exec_ai_palette,Area,client->server,,CProtoArea_client::send_exec_ai_palette
0099434c,get_tps_use_item_list,Area,client->server,,CProtoArea_client::send_get_tps_use_item_list
00994380,distribute_status_point_add,Area,client->server,,CProtoArea_client::send_distribute_status_point_add
009943c4,distribute_status_point_finish,Area,client->server,,CProtoArea_client::send_distribute_status_point_finish
00994400,get_mission_data,Area,client->server,,CProtoArea_client::send_get_mission_data
00994430,get_mission_list,Area,client->server,,CProtoArea_client::send_get_mission_list
00994460,mission_party_create_cancel,Area,client->server,,CProtoArea_client::send_mission_party_create_cancel
0099449c,mission_party_create_enter,Area,client->server,,CProtoArea_client::send_mission_party_create_enter
009944f4,notify_mission_party_list_update,Area,client->server,,CProtoArea_client::send_notify_mission_party_list_update
00994534,mission_party_list_cancel,Area,client->server,,CProtoArea_client::send_mission_party_list_cancel
0099456c,mission_party_list_enter,Area,client->server,,CProtoArea_client::send_mission_party_list_enter
009945b0,request_mission_party_mission_start,Area,client->server,,CProtoArea_client::send_request_mission_party_mission_start
009945f8,request_mission_party_mission_start_force,Area,client->server,,CProtoArea_client::send_request_mission_party_mission_start_force
00994640,request_mission_party_change_mission,Area,client->server,,CProtoArea_client::send_request_mission_party_change_mission
00994684,request_mission_party_breakup,Area,client->server,,CProtoArea_client::send_request_mission_party_breakup
009946c0,request_mission_party_start_ok,Area,client->server,,CProtoArea_client::send_request_mission_party_start_ok
00994700,request_mission_party_start_cancel,Area,client->server,,CProtoArea_client::send_request_mission_party_start_cancel
00994740,request_mission_party_remove,Area,client->server,,CProtoArea_client::send_request_mission_party_remove
0099477c,mission_raise_choice_open_r,Area,client->server,,CProtoArea_client::send_mission_raise_choice_open_r
009947b8,mission_shop_choice_open_r,Area,client->server,,CProtoArea_client::send_mission_shop_choice_open_r
009947f0,request_mission_shop_open,Area,client->server,,CProtoArea_client::send_request_mission_shop_open
00994828,request_mission_outmap,Area,client->server,,CProtoArea_client::send_request_mission_outmap
0099485c,mission_outmap_choice_open_r,Area,client->server,,CProtoArea_client::send_mission_outmap_choice_open_r
00994898,request_mission_watch_player,Area,client->server,,CProtoArea_client::send_request_mission_watch_player
009948d4,mission_result_close,Area,client->server,,CProtoArea_client::send_mission_result_close
00994908,get_mission_result_item,Area,client->server,,CProtoArea_client::send_get_mission_result_item
00994940,heroine_ticket_get_base,Area,client->server,,CProtoArea_client::send_heroine_ticket_get_base
00994988,heroine_ticket_select,Area,client->server,,CProtoArea_client::send_heroine_ticket_select
009949cc,heroine_ticket_check,Area,client->server,,CProtoArea_client::send_heroine_ticket_check
00994a00,exe_type_get_request_r,Area,client->server,,CProtoArea_client::send_exe_type_get_request_r
00994a34,user_status_update,Area,client->server,,CProtoArea_client::send_user_status_update
00994a64,party_chat_talk_post,Area,client->server,,CProtoArea_client::send_party_chat_talk_post
00994df4,adventure_upload_delete_request_r,Area,server->client,,CProtoArea_client::recv_adventure_upload_delete_request_r
00994e34,notify_mission_party_breakup,Area,server->client,,CProtoArea_client::recv_notify_mission_party_breakup
00994e70,notify_battle_kill_shot_ready_end,Area,server->client,,CProtoArea_client::recv_notify_battle_kill_shot_ready_end
00994eb0,get_my_robo_myprofile_data_r,Area,server->client,,CProtoArea_client::recv_get_my_robo_myprofile_data_r
00994eec,battle_kill_shot_ready_r,Area,server->client,,CProtoArea_client::recv_battle_kill_shot_ready_r
00994f24,myroom_remove_furniture_r,Area,server->client,,CProtoArea_client::recv_myroom_remove_furniture_r
00994f5c,notify_mission_result_open,Area,server->client,,CProtoArea_client::recv_notify_mission_result_open
00994f94,notify_end_use_item_effect,Area,server->client,,CProtoArea_client::recv_notify_end_use_item_effect
00994fcc,notify_tps_use_item_start,Area,server->client,,CProtoArea_client::recv_notify_tps_use_item_start
00995004,stall_opened,Area,server->client,,CProtoArea_client::recv_stall_opened
00995030,event_board_open,Area,server->client,,CProtoArea_client::recv_event_board_open
00995060,party_chat_talk_post_r,Area,server->client,,CProtoArea_client::recv_party_chat_talk_post_r
00995094,notify_mission_party_list_pack,Area,server->client,,CProtoArea_client::recv_notify_mission_party_list_pack
009950d0,adventure_shop_buy_r,Area,server->client,,CProtoArea_client::recv_adventure_shop_buy_r
00995104,notify_update_buff_hitpoint_max,Area,server->client,,CProtoArea_client::recv_notify_update_buff_hitpoint_max
00995144,battle_dash_finish_r,Area,server->client,,CProtoArea_client::recv_battle_dash_finish_r
00995178,notify_mission_action,Area,server->client,,CProtoArea_client::recv_notify_mission_action
009951ac,notify_add_cosplay,Area,server->client,,CProtoArea_client::recv_notify_add_cosplay
009951dc,adventure_upload_request_r,Area,server->client,,CProtoArea_client::recv_adventure_upload_request_r
00995214,notify_myroom_use_furniture,Area,server->client,,CProtoArea_client::recv_notify_myroom_use_furniture
00995250,get_robo_list_r,Area,server->client,,CProtoArea_client::recv_get_robo_list_r
00995280,item_delete,Area,server->client,,CProtoArea_client::recv_item_delete
009952ac,trade_dele_updated,Area,server->client,,CProtoArea_client::recv_trade_dele_updated
009952dc,robo_job_giveup_r,Area,server->client,,CProtoArea_client::recv_robo_job_giveup_r
0099530c,notify_mission_start_data,Area,server->client,,CProtoArea_client::recv_notify_mission_start_data
00995344,robo_aiscript_start_r,Area,server->client,,CProtoArea_client::recv_robo_aiscript_start_r
00995378,event_notice_close,Area,server->client,,CProtoArea_client::recv_event_notice_close
009953a8,ai_upload_request_report_r,Area,server->client,,CProtoArea_client::recv_ai_upload_request_report_r
009953e0,adventure_shop_added_buy_history,Area,server->client,,CProtoArea_client::recv_adventure_shop_added_buy_history
00995420,request_mission_party_change_mission_r,Area,server->client,,CProtoArea_client::recv_request_mission_party_change_mission_r
00995464,battle_attack_exec_r,Area,server->client,,CProtoArea_client::recv_battle_attack_exec_r
00995498,request_mission_party_kick_r,Area,server->client,,CProtoArea_client::recv_request_mission_party_kick_r
009954d4,stall_shop_ended,Area,server->client,,CProtoArea_client::recv_stall_shop_ended
00995504,cam_set_relative_avatar,Area,server->client,,CProtoArea_client::recv_cam_set_relative_avatar
0099553c,heroine_ticket_check_r,Area,server->client,,CProtoArea_client::recv_heroine_ticket_check_r
00995570,notify_friend_list_avatar_login,Area,server->client,,CProtoArea_client::recv_notify_friend_list_avatar_login
009955b0,notify_nicolive_close,Area,server->client,,CProtoArea_client::recv_notify_nicolive_close
009955e4,get_adventure_work_list_r,Area,server->client,,CProtoArea_client::recv_get_adventure_work_list_r
0099561c,ai_upload_request_r,Area,server->client,,CProtoArea_client::recv_ai_upload_request_r
00995650,ai_shop_remove_buy_history_r,Area,server->client,,CProtoArea_client::recv_ai_shop_remove_buy_history_r
0099568c,nicotv_get_playhead_time_request,Area,server->client,,CProtoArea_client::recv_nicotv_get_playhead_time_request
009956cc,nicotv_open_r,Area,server->client,,CProtoArea_client::recv_nicotv_open_r
009956f8,notify_update_status_point,Area,server->client,,CProtoArea_client::recv_notify_update_status_point
00995730,request_mission_party_breakup_r,Area,server->client,,CProtoArea_client::recv_request_mission_party_breakup_r
00995770,notify_cosplay_level_up,Area,server->client,,CProtoArea_client::recv_notify_cosplay_level_up
009957a8,notify_robo_job_work_result,Area,server->client,,CProtoArea_client::recv_notify_robo_job_work_result
009957e4,stall_shop_start_r,Area,server->client,,CProtoArea_client::recv_stall_shop_start_r
00995814,notify_friend_list_avatar_logout,Area,server->client,,CProtoArea_client::recv_notify_friend_list_avatar_logout
00995854,myhouse_payment_rent_r,Area,server->client,,CProtoArea_client::recv_myhouse_payment_rent_r
00995888,get_niconi_commons_base_list_r,Area,server->client,,CProtoArea_client::recv_get_niconi_commons_base_list_r
009958c4,item_equipped,Area,server->client,,CProtoArea_client::recv_item_equipped
009958f0,robo_detach_notice_from_avatar,Area,server->client,,CProtoArea_client::recv_robo_detach_notice_from_avatar
0099592c,notify_voice_chara,Area,server->client,,CProtoArea_client::recv_notify_voice_chara
0099595c,storage_withdraw_r,Area,server->client,,CProtoArea_client::recv_storage_withdraw_r
0099598c,skill_start_cast_r,Area,server->client,,CProtoArea_client::recv_skill_start_cast_r
009959bc,notify_nicolive_reload,Area,server->client,,CProtoArea_client::recv_notify_nicolive_reload
009959f0,trade_request_r,Area,server->client,,CProtoArea_client::recv_trade_request_r
00995a20,leave_areasv_r,Area,server->client,,CProtoArea_client::recv_leave_areasv_r
00995a4c,ai_shop_genre_search_r,Area,server->client,,CProtoArea_client::recv_ai_shop_genre_search_r
00995a80,quest_set_target,Area,server->client,,CProtoArea_client::recv_quest_set_target
00995ab0,notify_nicotv_set_comment_visible,Area,server->client,,CProtoArea_client::recv_notify_nicotv_set_comment_visible
00995af0,myhouse_replacement_r,Area,server->client,,CProtoArea_client::recv_myhouse_replacement_r
00995b24,notify_add_friend_list_result,Area,server->client,,CProtoArea_client::recv_notify_add_friend_list_result
00995b60,ai_shop_started,Area,server->client,,CProtoArea_client::recv_ai_shop_started
00995b90,notify_update_buff_battle_ability,Area,server->client,,CProtoArea_client::recv_notify_update_buff_battle_ability
00995bd0,get_my_avatar_myprofile_data_r,Area,server->client,,CProtoArea_client::recv_get_my_avatar_myprofile_data_r
00995c0c,item_equip_end_r,Area,server->client,,CProtoArea_client::recv_item_equip_end_r
00995c3c,notify_end_effect_object,Area,server->client,,CProtoArea_client::recv_notify_end_effect_object
00995c78,notify_update_buff_stamina_costcut,Area,server->client,,CProtoArea_client::recv_notify_update_buff_stamina_costcut
00995cb8,exe_type_get_request,Area,server->client,,CProtoArea_client::recv_exe_type_get_request
00995cec,hair_shop_started,Area,server->client,,CProtoArea_client::recv_hair_shop_started
00995d1c,live_contest_audience_ready_r,Area,server->client,,CProtoArea_client::recv_live_contest_audience_ready_r
00995d58,notify_room_list_open_end,Area,server->client,,CProtoArea_client::recv_notify_room_list_open_end
00995d90,user_status_update_r,Area,server->client,,CProtoArea_client::recv_user_status_update_r
00995dc4,notify_placard_update_popular,Area,server->client,,CProtoArea_client::recv_notify_placard_update_popular
00995e00,get_money_data_r,Area,server->client,,CProtoArea_client::recv_get_money_data_r
00995e30,notify_placard_remove,Area,server->client,,CProtoArea_client::recv_notify_placard_remove
00995e64,battle_attack_start_r,Area,server->client,,CProtoArea_client::recv_battle_attack_start_r
00995e98,event_get_tps_mode,Area,server->client,,CProtoArea_client::recv_event_get_tps_mode
00995ec8,get_mission_list_r,Area,server->client,,CProtoArea_client::recv_get_mission_list_r
00995ef8,mission_party_list_quick_enter_r,Area,server->client,,CProtoArea_client::recv_mission_party_list_quick_enter_r
00995f38,event_areamap_select_close,Area,server->client,,CProtoArea_client::recv_event_areamap_select_close
00995f70,notify_start_use_item_effect,Area,server->client,,CProtoArea_client::recv_notify_start_use_item_effect
00995fac,emotion_obtain,Area,server->client,,CProtoArea_client::recv_emotion_obtain
00995fd8,ai_shop_ranking_search_r,Area,server->client,,CProtoArea_client::recv_ai_shop_ranking_search_r
00996010,notify_nicotv_close,Area,server->client,,CProtoArea_client::recv_notify_nicotv_close
00996044,notify_disappear_chara,Area,server->client,,CProtoArea_client::recv_notify_disappear_chara
00996078,quest_started,Area,server->client,,CProtoArea_client::recv_quest_started
009960a4,item_try_removed,Area,server->client,,CProtoArea_client::recv_item_try_removed
009960d4,get_monster_data_r,Area,server->client,,CProtoArea_client::recv_get_monster_data_r
00996104,notify_show_chara,Area,server->client,,CProtoArea_client::recv_notify_show_chara
00996134,event_trade_open,Area,server->client,,CProtoArea_client::recv_event_trade_open
00996164,close_npc_rank_windor_r,Area,server->client,,CProtoArea_client::recv_close_npc_rank_windor_r
0099619c,notify_myroom_update_furniture,Area,server->client,,CProtoArea_client::recv_notify_myroom_update_furniture
009961d8,myroom_end_furniture_r,Area,server->client,,CProtoArea_client::recv_myroom_end_furniture_r
0099620c,notify_mission_party_create_open,Area,server->client,,CProtoArea_client::recv_notify_mission_party_create_open
0099624c,adventure_work_add_sheet_r,Area,server->client,,CProtoArea_client::recv_adventure_work_add_sheet_r
00996284,event_notice,Area,server->client,,CProtoArea_client::recv_event_notice
009962b0,ucc_voice_obtain,Area,server->client,,CProtoArea_client::recv_ucc_voice_obtain
009962e0,myroom_update_security_r,Area,server->client,,CProtoArea_client::recv_myroom_update_security_r
00996318,notify_npc_data,Area,server->client,,CProtoArea_client::recv_notify_npc_data
00996348,room_list_close_r,Area,server->client,,CProtoArea_client::recv_room_list_close_r
00996378,gacha_started,Area,server->client,,CProtoArea_client::recv_gacha_started
009963a4,get_time_zone_r,Area,server->client,,CProtoArea_client::recv_get_time_zone_r
009963d4,quest_remove_target,Area,server->client,,CProtoArea_client::recv_quest_remove_target
00996408,get_item_base_list_r,Area,server->client,,CProtoArea_client::recv_get_item_base_list_r
0099643c,notify_update_heart_max,Area,server->client,,CProtoArea_client::recv_notify_update_heart_max
00996474,notify_myhouse_relocate_succeed,Area,server->client,,CProtoArea_client::recv_notify_myhouse_relocate_succeed
009964b4,gachaticket_exchange_item_del_r,Area,server->client,,CProtoArea_client::recv_gachaticket_exchange_item_del_r
009964f4,voice_chara_r,Area,server->client,,CProtoArea_client::recv_voice_chara_r
00996520,shop_chara_equip,Area,server->client,,CProtoArea_client::recv_shop_chara_equip
00996550,ai_download_delete_request_r,Area,server->client,,CProtoArea_client::recv_ai_download_delete_request_r
0099658c,ai_upload_end_r,Area,server->client,,CProtoArea_client::recv_ai_upload_end_r
009965bc,storage_updated_deposit,Area,server->client,,CProtoArea_client::recv_storage_updated_deposit
009965f4,get_other_avatar_myprofile_data_r,Area,server->client,,CProtoArea_client::recv_get_other_avatar_myprofile_data_r
00996634,adventure_shop_end_r,Area,server->client,,CProtoArea_client::recv_adventure_shop_end_r
00996668,notify_update_battle_ability,Area,server->client,,CProtoArea_client::recv_notify_update_battle_ability
009966a4,get_obtained_emotion_list_r,Area,server->client,,CProtoArea_client::recv_get_obtained_emotion_list_r
009966e0,notify_live_end_position,Area,server->client,,CProtoArea_client::recv_notify_live_end_position
00996718,myroom_use_furniture_r,Area,server->client,,CProtoArea_client::recv_myroom_use_furniture_r
0099674c,ai_upload_started,Area,server->client,,CProtoArea_client::recv_ai_upload_started
0099677c,adventure_end_r,Area,server->client,,CProtoArea_client::recv_adventure_end_r
009967ac,notify_myhouse_auction_list,Area,server->client,,CProtoArea_client::recv_notify_myhouse_auction_list
009967e8,item_update_price,Area,server->client,,CProtoArea_client::recv_item_update_price
00996818,niconi_commons_shop_ended,Area,server->client,,CProtoArea_client::recv_niconi_commons_shop_ended
00996850,event_select_init,Area,server->client,,CProtoArea_client::recv_event_select_init
00996880,notify_room_list_pack,Area,server->client,,CProtoArea_client::recv_notify_room_list_pack
009968b4,live_contest_start_r,Area,server->client,,CProtoArea_client::recv_live_contest_start_r
009968e8,notify_mascot_data,Area,server->client,,CProtoArea_client::recv_notify_mascot_data
00996918,robo_detach_notice_from_robo,Area,server->client,,CProtoArea_client::recv_robo_detach_notice_from_robo
00996954,enter_map_data_request_end_r,Area,server->client,,CProtoArea_client::recv_enter_map_data_request_end_r
00996990,notify_change_avatar_job,Area,server->client,,CProtoArea_client::recv_notify_change_avatar_job
009969c8,get_ai_download_list_r,Area,server->client,,CProtoArea_client::recv_get_ai_download_list_r
009969fc,open_ai_palette_r,Area,server->client,,CProtoArea_client::recv_open_ai_palette_r
00996a2c,notify_option_data,Area,server->client,,CProtoArea_client::recv_notify_option_data
00996a5c,battle_dash_exec_r,Area,server->client,,CProtoArea_client::recv_battle_dash_exec_r
00996a8c,adventure_lock_tag_r,Area,server->client,,CProtoArea_client::recv_adventure_lock_tag_r
00996ac0,trashbox_discard_item_r,Area,server->client,,CProtoArea_client::recv_trashbox_discard_item_r
00996af8,item_try_equipped,Area,server->client,,CProtoArea_client::recv_item_try_equipped
00996b28,get_ucc_voice_base_list_r,Area,server->client,,CProtoArea_client::recv_get_ucc_voice_base_list_r
00996b60,notify_level_up,Area,server->client,,CProtoArea_client::recv_notify_level_up
00996b90,ai_shop_item,Area,server->client,,CProtoArea_client::recv_ai_shop_item
00996bbc,notify_nicotv_set_channel,Area,server->client,,CProtoArea_client::recv_notify_nicotv_set_channel
00996bf4,notify_myhouse_auction_open,Area,server->client,,CProtoArea_client::recv_notify_myhouse_auction_open
00996c30,stall_shop_buy_r,Area,server->client,,CProtoArea_client::recv_stall_shop_buy_r
00996c60,adventure_shop_buys_r,Area,server->client,,CProtoArea_client::recv_adventure_shop_buys_r
00996c94,notify_robo_furnact_start,Area,server->client,,CProtoArea_client::recv_notify_robo_furnact_start
00996ccc,catalog_list,Area,server->client,,CProtoArea_client::recv_catalog_list
00996cf8,request_mission_outmap_r,Area,server->client,,CProtoArea_client::recv_request_mission_outmap_r
00996d30,mission_party_list_cancel_r,Area,server->client,,CProtoArea_client::recv_mission_party_list_cancel_r
00996d6c,check_version_r,Area,server->client,,CProtoArea_client::recv_check_version_r
00996d9c,event_trade_item_reset_r,Area,server->client,,CProtoArea_client::recv_event_trade_item_reset_r
00996dd8,adventure_shop_remove_all_buy_history_r,Area,server->client,,CProtoArea_client::recv_adventure_shop_remove_all_buy_history_r
00996e20,expire_item_update_expire_time,Area,server->client,,CProtoArea_client::recv_expire_item_update_expire_time
00996e5c,notify_robo_furnact_end,Area,server->client,,CProtoArea_client::recv_notify_robo_furnact_end
00996e94,item_equip_ended,Area,server->client,,CProtoArea_client::recv_item_equip_ended
00996ec4,robo_create_r,Area,server->client,,CProtoArea_client::recv_robo_create_r
00996ef0,present_fix_r,Area,server->client,,CProtoArea_client::recv_present_fix_r
00996f1c,get_ai_upload_rate_r,Area,server->client,,CProtoArea_client::recv_get_ai_upload_rate_r
00996f50,update_option_r,Area,server->client,,CProtoArea_client::recv_update_option_r
00996f80,notify_change_map,Area,server->client,,CProtoArea_client::recv_notify_change_map
00996fb0,niconi_commons_obtain,Area,server->client,,CProtoArea_client::recv_niconi_commons_obtain
00996fe4,myroom_update_name_r,Area,server->client,,CProtoArea_client::recv_myroom_update_name_r
00997018,robo_rest_r,Area,server->client,,CProtoArea_client::recv_robo_rest_r
00997044,event_set_motion,Area,server->client,,CProtoArea_client::recv_event_set_motion
00997074,notify_update_move_speed,Area,server->client,,CProtoArea_client::recv_notify_update_move_speed
009970ac,notify_robo_jobs_pack,Area,server->client,,CProtoArea_client::recv_notify_robo_jobs_pack
009970e0,quest_ended,Area,server->client,,CProtoArea_client::recv_quest_ended
0099710c,myroom_throwout_others_r,Area,server->client,,CProtoArea_client::recv_myroom_throwout_others_r
00997144,notify_update_hitpoint_max,Area,server->client,,CProtoArea_client::recv_notify_update_hitpoint_max
0099717c,notify_change_tag,Area,server->client,,CProtoArea_client::recv_notify_change_tag
009971ac,trade_oked,Area,server->client,,CProtoArea_client::recv_trade_oked
009971d4,get_robo_create_info_r,Area,server->client,,CProtoArea_client::recv_get_robo_create_info_r
00997208,sheet_shop_end_r,Area,server->client,,CProtoArea_client::recv_sheet_shop_end_r
00997238,notify_se_play,Area,server->client,,CProtoArea_client::recv_notify_se_play
00997264,adventure_unlock_tag_r,Area,server->client,,CProtoArea_client::recv_adventure_unlock_tag_r
00997298,adventure_shop_ended,Area,server->client,,CProtoArea_client::recv_adventure_shop_ended
009972cc,notify_mission_list_start,Area,server->client,,CProtoArea_client::recv_notify_mission_list_start
00997304,robo_attach_r,Area,server->client,,CProtoArea_client::recv_robo_attach_r
00997330,adventure_updated_sheet_stack,Area,server->client,,CProtoArea_client::recv_adventure_updated_sheet_stack
0099736c,notify_request_friend_list,Area,server->client,,CProtoArea_client::recv_notify_request_friend_list
009973a4,notify_move_chara,Area,server->client,,CProtoArea_client::recv_notify_move_chara
009973d4,niconi_commons_shop_end_r,Area,server->client,,CProtoArea_client::recv_niconi_commons_shop_end_r
0099740c,expire_item_select_return_result,Area,server->client,,CProtoArea_client::recv_expire_item_select_return_result
0099744c,notify_nicotv_set_playhead_time,Area,server->client,,CProtoArea_client::recv_notify_nicotv_set_playhead_time
0099748c,quest_add_history,Area,server->client,,CProtoArea_client::recv_quest_add_history
009974bc,event_trade_item_set_r,Area,server->client,,CProtoArea_client::recv_event_trade_item_set_r
009974f0,ai_shop_download_request_r,Area,server->client,,CProtoArea_client::recv_ai_shop_download_request_r
00997528,item_try_equip_reset_r,Area,server->client,,CProtoArea_client::recv_item_try_equip_reset_r
0099755c,stall_shop_update_chara_r,Area,server->client,,CProtoArea_client::recv_stall_shop_update_chara_r
00997594,notify_update_now_cosplay,Area,server->client,,CProtoArea_client::recv_notify_update_now_cosplay
009975cc,notify_myroom_furniture,Area,server->client,,CProtoArea_client::recv_notify_myroom_furniture
00997604,notify_room_list_open_start,Area,server->client,,CProtoArea_client::recv_notify_room_list_open_start
00997640,item_try_equip_r,Area,server->client,,CProtoArea_client::recv_item_try_equip_r
00997670,party_chat_talk_forward,Area,server->client,,CProtoArea_client::recv_party_chat_talk_forward
009976a8,hair_shop_item,Area,server->client,,CProtoArea_client::recv_hair_shop_item
009976d4,get_adventure_download_list_r,Area,server->client,,CProtoArea_client::recv_get_adventure_download_list_r
00997710,get_item_list_r,Area,server->client,,CProtoArea_client::recv_get_item_list_r
00997740,notify_tps_use_item_end,Area,server->client,,CProtoArea_client::recv_notify_tps_use_item_end
00997778,get_itembox_item_list_r,Area,server->client,,CProtoArea_client::recv_get_itembox_item_list_r
009977b0,get_myhouse_list_r,Area,server->client,,CProtoArea_client::recv_get_myhouse_list_r
009977e0,quest_updated_chapter,Area,server->client,,CProtoArea_client::recv_quest_updated_chapter
00997814,get_furniture_base_list_r,Area,server->client,,CProtoArea_client::recv_get_furniture_base_list_r
0099784c,notify_update_hitpoint,Area,server->client,,CProtoArea_client::recv_notify_update_hitpoint
00997880,notify_mission_party_info,Area,server->client,,CProtoArea_client::recv_notify_mission_party_info
009978b8,adventure_shop_ranking_search_r,Area,server->client,,CProtoArea_client::recv_adventure_shop_ranking_search_r
009978f8,item_equip_replace_r,Area,server->client,,CProtoArea_client::recv_item_equip_replace_r
0099792c,adventure_shop_item,Area,server->client,,CProtoArea_client::recv_adventure_shop_item
00997960,itemcode_open,Area,server->client,,CProtoArea_client::recv_itemcode_open
0099798c,request_mission_party_remove_r,Area,server->client,,CProtoArea_client::recv_request_mission_party_remove_r
009979c8,trashbox_close_r,Area,server->client,,CProtoArea_client::recv_trashbox_close_r
009979f8,notify_complete_state_open,Area,server->client,,CProtoArea_client::recv_notify_complete_state_open
00997a30,request_mission_party_start_ok_r,Area,server->client,,CProtoArea_client::recv_request_mission_party_start_ok_r
00997a70,expire_item_delete,Area,server->client,,CProtoArea_client::recv_expire_item_delete
00997aa0,get_free_friend_link_tag_r,Area,server->client,,CProtoArea_client::recv_get_free_friend_link_tag_r
00997ad8,niconi_commons_shop_buy_r,Area,server->client,,CProtoArea_client::recv_niconi_commons_shop_buy_r
00997b10,stall_closed,Area,server->client,,CProtoArea_client::recv_stall_closed
00997b3c,stall_open_r,Area,server->client,,CProtoArea_client::recv_stall_open_r
00997b68,notify_debug_remove_object,Area,server->client,,CProtoArea_client::recv_notify_debug_remove_object
00997ba0,notify_live_contest_add_participant,Area,server->client,,CProtoArea_client::recv_notify_live_contest_add_participant
00997be4,get_myroom_furniture_r,Area,server->client,,CProtoArea_client::recv_get_myroom_furniture_r
00997c18,battle_attack_cancel_r,Area,server->client,,CProtoArea_client::recv_battle_attack_cancel_r
00997c4c,sheet_shop_buy_r,Area,server->client,,CProtoArea_client::recv_sheet_shop_buy_r
00997c7c,notify_placard_in_map,Area,server->client,,CProtoArea_client::recv_notify_placard_in_map
00997cb0,adventure_upload_started,Area,server->client,,CProtoArea_client::recv_adventure_upload_started
00997ce8,notify_mission_watch_player_end,Area,server->client,,CProtoArea_client::recv_notify_mission_watch_player_end
00997d28,get_adventure_upload_rate_r,Area,server->client,,CProtoArea_client::recv_get_adventure_upload_rate_r
00997d64,notify_myhouse_change_security,Area,server->client,,CProtoArea_client::recv_notify_myhouse_change_security
00997da0,notify_update_pickup_mascot_count,Area,server->client,,CProtoArea_client::recv_notify_update_pickup_mascot_count
00997de0,notify_remove_ai_palette,Area,server->client,,CProtoArea_client::recv_notify_remove_ai_palette
00997e18,update_robo_voice_type_r,Area,server->client,,CProtoArea_client::recv_update_robo_voice_type_r
00997e50,get_robo_job_list_r,Area,server->client,,CProtoArea_client::recv_get_robo_job_list_r
00997e84,notify_nicotv_set_movie,Area,server->client,,CProtoArea_client::recv_notify_nicotv_set_movie
00997ebc,robo_talk_forward,Area,server->client,,CProtoArea_client::recv_robo_talk_forward
00997eec,item_equip_replaced,Area,server->client,,CProtoArea_client::recv_item_equip_replaced
00997f20,quest_get_work_r,Area,server->client,,CProtoArea_client::recv_quest_get_work_r
00997f50,item_try_equip_fix_r,Area,server->client,,CProtoArea_client::recv_item_try_equip_fix_r
00997f84,exec_ai_palette_r,Area,server->client,,CProtoArea_client::recv_exec_ai_palette_r
00997fb4,stall_shop_started,Area,server->client,,CProtoArea_client::recv_stall_shop_started
00997fe4,niconi_commons_shop_item,Area,server->client,,CProtoArea_client::recv_niconi_commons_shop_item
0099801c,event_sleep,Area,server->client,,CProtoArea_client::recv_event_sleep
00998048,notify_debug_motion,Area,server->client,,CProtoArea_client::recv_notify_debug_motion
0099807c,item_try_equip_replace_r,Area,server->client,,CProtoArea_client::recv_item_try_equip_replace_r
009980b4,robo_squire_r,Area,server->client,,CProtoArea_client::recv_robo_squire_r
009980e0,notify_nicotv_play,Area,server->client,,CProtoArea_client::recv_notify_nicotv_play
00998110,battle_target_lock_r,Area,server->client,,CProtoArea_client::recv_battle_target_lock_r
00998148,notify_mission_party_change_mission,Area,server->client,,CProtoArea_client::recv_notify_mission_party_change_mission
0099818c,get_ai_palette_list_r,Area,server->client,,CProtoArea_client::recv_get_ai_palette_list_r
009981c0,trade_requested,Area,server->client,,CProtoArea_client::recv_trade_requested
009981f0,storage_furn_open_r,Area,server->client,,CProtoArea_client::recv_storage_furn_open_r
00998228,notify_mission_party_list_open_start,Area,server->client,,CProtoArea_client::recv_notify_mission_party_list_open_start
0099826c,edit_avatar_myprofile_r,Area,server->client,,CProtoArea_client::recv_edit_avatar_myprofile_r
009982a4,itembox_item_create,Area,server->client,,CProtoArea_client::recv_itembox_item_create
009982d8,get_ucc_adv_figure_base_list_r,Area,server->client,,CProtoArea_client::recv_get_ucc_adv_figure_base_list_r
00998314,stall_shop_end_r,Area,server->client,,CProtoArea_client::recv_stall_shop_end_r
00998344,event_se_play,Area,server->client,,CProtoArea_client::recv_event_se_play
00998370,event_voice_message,Area,server->client,,CProtoArea_client::recv_event_voice_message
009983a8,notify_mission_party_list_open_end,Area,server->client,,CProtoArea_client::recv_notify_mission_party_list_open_end
009983e8,live_contest_open_r,Area,server->client,,CProtoArea_client::recv_live_contest_open_r
0099841c,event_script_play,Area,server->client,,CProtoArea_client::recv_event_script_play
0099844c,notify_battle_target_lock,Area,server->client,,CProtoArea_client::recv_notify_battle_target_lock
00998484,gachaticket_exchange_item_add_r,Area,server->client,,CProtoArea_client::recv_gachaticket_exchange_item_add_r
009984c4,ai_shop_added_buy_history,Area,server->client,,CProtoArea_client::recv_ai_shop_added_buy_history
009984fc,item_equip_force_started,Area,server->client,,CProtoArea_client::recv_item_equip_force_started
00998534,notify_avatar_data,Area,server->client,,CProtoArea_client::recv_notify_avatar_data
00998564,niconi_commons_shop_started,Area,server->client,,CProtoArea_client::recv_niconi_commons_shop_started
009985a0,notify_mission_party_remove_host,Area,server->client,,CProtoArea_client::recv_notify_mission_party_remove_host
009985e0,placard_setting_r,Area,server->client,,CProtoArea_client::recv_placard_setting_r
00998610,item_try_equip_replaced,Area,server->client,,CProtoArea_client::recv_item_try_equip_replaced
00998648,gachaticket_exchange_open,Area,server->client,,CProtoArea_client::recv_gachaticket_exchange_open
00998680,notify_login_message,Area,server->client,,CProtoArea_client::recv_notify_login_message
009986b4,adventure_work_create_r,Area,server->client,,CProtoArea_client::recv_adventure_work_create_r
009986ec,notify_myroom_set_furniture,Area,server->client,,CProtoArea_client::recv_notify_myroom_set_furniture
00998728,placard_remove_r,Area,server->client,,CProtoArea_client::recv_placard_remove_r
00998758,adventure_start_r,Area,server->client,,CProtoArea_client::recv_adventure_start_r
00998788,trade_canceled,Area,server->client,,CProtoArea_client::recv_trade_canceled
009987b4,notify_live_contest_end,Area,server->client,,CProtoArea_client::recv_notify_live_contest_end
009987ec,notify_live_contest_play,Area,server->client,,CProtoArea_client::recv_notify_live_contest_play
00998824,money_updated_nicopoint,Area,server->client,,CProtoArea_client::recv_money_updated_nicopoint
0099885c,trade_start,Area,server->client,,CProtoArea_client::recv_trade_start
00998888,notify_debug_add_object,Area,server->client,,CProtoArea_client::recv_notify_debug_add_object
009988c0,gacha_ended,Area,server->client,,CProtoArea_client::recv_gacha_ended
009988ec,notify_myroom_remove_furniture,Area,server->client,,CProtoArea_client::recv_notify_myroom_remove_furniture
00998928,present_cancel_r,Area,server->client,,CProtoArea_client::recv_present_cancel_r
00998958,notify_end_effect_pos,Area,server->client,,CProtoArea_client::recv_notify_end_effect_pos
0099898c,distribute_status_point_add_r,Area,server->client,,CProtoArea_client::recv_distribute_status_point_add_r
009989c8,get_mascot_count_r,Area,server->client,,CProtoArea_client::recv_get_mascot_count_r
009989f8,distribute_status_point_finish_r,Area,server->client,,CProtoArea_client::recv_distribute_status_point_finish_r
00998a38,ai_shop_buy_r,Area,server->client,,CProtoArea_client::recv_ai_shop_buy_r
00998a64,event_quest_select_exec,Area,server->client,,CProtoArea_client::recv_event_quest_select_exec
00998a9c,trashbox_open_r,Area,server->client,,CProtoArea_client::recv_trashbox_open_r
00998acc,notify_mission_party_join,Area,server->client,,CProtoArea_client::recv_notify_mission_party_join
00998b08,notify_mission_party_list_update_r,Area,server->client,,CProtoArea_client::recv_notify_mission_party_list_update_r
00998b48,shop_ended,Area,server->client,,CProtoArea_client::recv_shop_ended
00998b70,notify_update_stamina,Area,server->client,,CProtoArea_client::recv_notify_update_stamina
00998ba4,notify_item_base,Area,server->client,,CProtoArea_client::recv_notify_item_base
00998bd4,notify_placard_setting,Area,server->client,,CProtoArea_client::recv_notify_placard_setting
00998c08,hair_shop_end_r,Area,server->client,,CProtoArea_client::recv_hair_shop_end_r
00998c38,notify_mission_party_kick,Area,server->client,,CProtoArea_client::recv_notify_mission_party_kick
00998c70,notify_shot_skill_change,Area,server->client,,CProtoArea_client::recv_notify_shot_skill_change
00998ca8,robo_call_r,Area,server->client,,CProtoArea_client::recv_robo_call_r
00998cd4,quest_update_target,Area,server->client,,CProtoArea_client::recv_quest_update_target
00998d08,notify_update_tank_max,Area,server->client,,CProtoArea_client::recv_notify_update_tank_max
00998d3c,item_move_r,Area,server->client,,CProtoArea_client::recv_item_move_r
00998d68,sheet_shop_start_r,Area,server->client,,CProtoArea_client::recv_sheet_shop_start_r
00998d98,notify_user_status_update,Area,server->client,,CProtoArea_client::recv_notify_user_status_update
00998dd0,notify_myhouse_appear,Area,server->client,,CProtoArea_client::recv_notify_myhouse_appear
00998e04,trade_commit,Area,server->client,,CProtoArea_client::recv_trade_commit
00998e30,get_maplink_data_r,Area,server->client,,CProtoArea_client::recv_get_maplink_data_r
00998e60,adventure_shop_genre_search_r,Area,server->client,,CProtoArea_client::recv_adventure_shop_genre_search_r
00998e9c,item_discard_sum_r,Area,server->client,,CProtoArea_client::recv_item_discard_sum_r
00998ecc,get_ai_upload_list_r,Area,server->client,,CProtoArea_client::recv_get_ai_upload_list_r
00998f00,notify_live_start_position,Area,server->client,,CProtoArea_client::recv_notify_live_start_position
00998f38,item_create,Area,server->client,,CProtoArea_client::recv_item_create
00998f64,close_aipower_window_r,Area,server->client,,CProtoArea_client::recv_close_aipower_window_r
00998f98,notify_battle_report_target_obj,Area,server->client,,CProtoArea_client::recv_notify_battle_report_target_obj
00998fd8,friend_link_tag_change_r,Area,server->client,,CProtoArea_client::recv_friend_link_tag_change_r
00999010,event_select_exec,Area,server->client,,CProtoArea_client::recv_event_select_exec
00999040,live_contest_play_r,Area,server->client,,CProtoArea_client::recv_live_contest_play_r
00999074,notify_select_map,Area,server->client,,CProtoArea_client::recv_notify_select_map
009990a4,get_tps_use_item_list_r,Area,server->client,,CProtoArea_client::recv_get_tps_use_item_list_r
009990dc,notify_emotion_chara,Area,server->client,,CProtoArea_client::recv_notify_emotion_chara
00999110,notify_myhouse_relocate_failed,Area,server->client,,CProtoArea_client::recv_notify_myhouse_relocate_failed
0099914c,notify_change_friend_list_comment,Area,server->client,,CProtoArea_client::recv_notify_change_friend_list_comment
0099918c,adventure_shop_attn_tag,Area,server->client,,CProtoArea_client::recv_adventure_shop_attn_tag
009991c4,notify_update_heart,Area,server->client,,CProtoArea_client::recv_notify_update_heart
009991f8,event_message,Area,server->client,,CProtoArea_client::recv_event_message
00999224,notify_change_map_failed,Area,server->client,,CProtoArea_client::recv_notify_change_map_failed
0099925c,notify_update_nameplate,Area,server->client,,CProtoArea_client::recv_notify_update_nameplate
00999294,trade_decided,Area,server->client,,CProtoArea_client::recv_trade_decided
009992c0,notify_monster_data,Area,server->client,,CProtoArea_client::recv_notify_monster_data
009992f4,item_equip_start_r,Area,server->client,,CProtoArea_client::recv_item_equip_start_r
00999324,mission_shop_choice_open,Area,server->client,,CProtoArea_client::recv_mission_shop_choice_open
0099935c,support_aipower_aipoint_r,Area,server->client,,CProtoArea_client::recv_support_aipower_aipoint_r
00999394,live_contest_entry_participant_r,Area,server->client,,CProtoArea_client::recv_live_contest_entry_participant_r
009993d4,trade_dele_update_r,Area,server->client,,CProtoArea_client::recv_trade_dele_update_r
00999408,stall_shop_item,Area,server->client,,CProtoArea_client::recv_stall_shop_item
00999438,aipower_data,Area,server->client,,CProtoArea_client::recv_aipower_data
00999464,event_bgm_play,Area,server->client,,CProtoArea_client::recv_event_bgm_play
00999490,stall_comment_r,Area,server->client,,CProtoArea_client::recv_stall_comment_r
009994c0,live_contest_entry_audience_r,Area,server->client,,CProtoArea_client::recv_live_contest_entry_audience_r
009994fc,trade_respond_r,Area,server->client,,CProtoArea_client::recv_trade_respond_r
0099952c,notify_maplink_data,Area,server->client,,CProtoArea_client::recv_notify_maplink_data
00999560,notify_battle_report_target_pos,Area,server->client,,CProtoArea_client::recv_notify_battle_report_target_pos
009995a0,notify_update_cosplay_exp,Area,server->client,,CProtoArea_client::recv_notify_update_cosplay_exp
009995d8,notify_request_friend_list_cancel,Area,server->client,,CProtoArea_client::recv_notify_request_friend_list_cancel
00999618,item_equip_r,Area,server->client,,CProtoArea_client::recv_item_equip_r
00999644,notify_effectobj_data,Area,server->client,,CProtoArea_client::recv_notify_effectobj_data
00999678,notify_update_exp,Area,server->client,,CProtoArea_client::recv_notify_update_exp
009996a8,present_robo_start_r,Area,server->client,,CProtoArea_client::recv_present_robo_start_r
009996dc,adventure_shop_tag_search_r,Area,server->client,,CProtoArea_client::recv_adventure_shop_tag_search_r
00999718,storage_deposit_r,Area,server->client,,CProtoArea_client::recv_storage_deposit_r
00999748,nicotv_set_channel_r,Area,server->client,,CProtoArea_client::recv_nicotv_set_channel_r
0099977c,hair_shop_buy_r,Area,server->client,,CProtoArea_client::recv_hair_shop_buy_r
009997ac,myroom_update_furniture_r,Area,server->client,,CProtoArea_client::recv_myroom_update_furniture_r
009997e4,robo_attach_request,Area,server->client,,CProtoArea_client::recv_robo_attach_request
00999818,storage_furn_close_r,Area,server->client,,CProtoArea_client::recv_storage_furn_close_r
0099984c,notify_myhouse_auction_list_end,Area,server->client,,CProtoArea_client::recv_notify_myhouse_auction_list_end
0099988c,notify_battle_target_unlock,Area,server->client,,CProtoArea_client::recv_notify_battle_target_unlock
009998c8,delete_friend_list_r,Area,server->client,,CProtoArea_client::recv_delete_friend_list_r
009998fc,notify_myhouse_change_looks,Area,server->client,,CProtoArea_client::recv_notify_myhouse_change_looks
00999938,get_adventure_upload_list_r,Area,server->client,,CProtoArea_client::recv_get_adventure_upload_list_r
00999974,ai_shop_end_r,Area,server->client,,CProtoArea_client::recv_ai_shop_end_r
009999a0,mission_party_create_enter_r,Area,server->client,,CProtoArea_client::recv_mission_party_create_enter_r
009999e0,notify_live_contest_leave_audience,Area,server->client,,CProtoArea_client::recv_notify_live_contest_leave_audience
00999a20,notify_update_buff_tank_max,Area,server->client,,CProtoArea_client::recv_notify_update_buff_tank_max
00999a5c,notify_complete_state_close,Area,server->client,,CProtoArea_client::recv_notify_complete_state_close
00999a98,notify_tps_use_item_update,Area,server->client,,CProtoArea_client::recv_notify_tps_use_item_update
00999ad0,itembox_close_r,Area,server->client,,CProtoArea_client::recv_itembox_close_r
00999b00,adventure_shop_download_request_r,Area,server->client,,CProtoArea_client::recv_adventure_shop_download_request_r
00999b40,item_remove_r,Area,server->client,,CProtoArea_client::recv_item_remove_r
00999b6c,get_mission_data_r,Area,server->client,,CProtoArea_client::recv_get_mission_data_r
00999b9c,event_sync,Area,server->client,,CProtoArea_client::recv_event_sync
00999bc4,stall_price_r,Area,server->client,,CProtoArea_client::recv_stall_price_r
00999bf0,notify_mission_list_pack,Area,server->client,,CProtoArea_client::recv_notify_mission_list_pack
00999c28,trade_ok_start,Area,server->client,,CProtoArea_client::recv_trade_ok_start
00999c54,get_npc_data_r,Area,server->client,,CProtoArea_client::recv_get_npc_data_r
00999c80,trade_item_remove_r,Area,server->client,,CProtoArea_client::recv_trade_item_remove_r
00999cb4,notify_start_effect,Area,server->client,,CProtoArea_client::recv_notify_start_effect
00999ce8,trade_item_add_r,Area,server->client,,CProtoArea_client::recv_trade_item_add_r
00999d18,quest_updated_restsec,Area,server->client,,CProtoArea_client::recv_quest_updated_restsec
00999d4c,itembox_takeout_r,Area,server->client,,CProtoArea_client::recv_itembox_takeout_r
00999d7c,notify_complete_state_update_num,Area,server->client,,CProtoArea_client::recv_notify_complete_state_update_num
00999dbc,adventure_delete_tag_r,Area,server->client,,CProtoArea_client::recv_adventure_delete_tag_r
00999df0,notify_change_robo_job,Area,server->client,,CProtoArea_client::recv_notify_change_robo_job
00999e24,event_message_pos,Area,server->client,,CProtoArea_client::recv_event_message_pos
00999e54,npc_rank_list,Area,server->client,,CProtoArea_client::recv_npc_rank_list
00999e80,select_init_island_start,Area,server->client,,CProtoArea_client::recv_select_init_island_start
00999eb8,notify_delete_friend_list_avatar,Area,server->client,,CProtoArea_client::recv_notify_delete_friend_list_avatar
00999ef8,storage_close_r,Area,server->client,,CProtoArea_client::recv_storage_close_r
00999f28,notify_myhouse_list,Area,server->client,,CProtoArea_client::recv_notify_myhouse_list
00999f5c,shop_item,Area,server->client,,CProtoArea_client::recv_shop_item
00999f84,nps_point_get_r,Area,server->client,,CProtoArea_client::recv_nps_point_get_r
00999fb4,nicotv_set_playhead_time_r,Area,server->client,,CProtoArea_client::recv_nicotv_set_playhead_time_r
00999fec,event_fade_out,Area,server->client,,CProtoArea_client::recv_event_fade_out
0099a018,notify_mission_situation_message,Area,server->client,,CProtoArea_client::recv_notify_mission_situation_message
0099a058,notify_myhouse_disappear,Area,server->client,,CProtoArea_client::recv_notify_myhouse_disappear
0099a090,support_aipower_nicopoint_r,Area,server->client,,CProtoArea_client::recv_support_aipower_nicopoint_r
0099a0cc,debug_add_item_r,Area,server->client,,CProtoArea_client::recv_debug_add_item_r
0099a0fc,expire_item_notify_next_state,Area,server->client,,CProtoArea_client::recv_expire_item_notify_next_state
0099a138,ai_shop_removed_buy_history,Area,server->client,,CProtoArea_client::recv_ai_shop_removed_buy_history
0099a174,notify_update_robo_equip,Area,server->client,,CProtoArea_client::recv_notify_update_robo_equip
0099a1b0,adventure_download_delete_request_r,Area,server->client,,CProtoArea_client::recv_adventure_download_delete_request_r
0099a1f4,robo_grant_next_message_notice,Area,server->client,,CProtoArea_client::recv_robo_grant_next_message_notice
0099a230,notify_bgm_play,Area,server->client,,CProtoArea_client::recv_notify_bgm_play
0099a260,nicotv_get_info_by_furniture_r,Area,server->client,,CProtoArea_client::recv_nicotv_get_info_by_furniture_r
0099a29c,quest_get_history_r,Area,server->client,,CProtoArea_client::recv_quest_get_history_r
0099a2d0,event_select_push,Area,server->client,,CProtoArea_client::recv_event_select_push
0099a300,event_access_npc_r,Area,server->client,,CProtoArea_client::recv_event_access_npc_r
0099a330,notify_live_contest_add_audience,Area,server->client,,CProtoArea_client::recv_notify_live_contest_add_audience
0099a370,event_message_close,Area,server->client,,CProtoArea_client::recv_event_message_close
0099a3a4,nicotv_set_movie_r,Area,server->client,,CProtoArea_client::recv_nicotv_set_movie_r
0099a3d4,event_chara_show,Area,server->client,,CProtoArea_client::recv_event_chara_show
0099a404,event_channel_select_exec,Area,server->client,,CProtoArea_client::recv_event_channel_select_exec
0099a43c,gacha_buy_r,Area,server->client,,CProtoArea_client::recv_gacha_buy_r
0099a468,itembox_opened,Area,server->client,,CProtoArea_client::recv_itembox_opened
0099a494,set_ai_palette_r,Area,server->client,,CProtoArea_client::recv_set_ai_palette_r
0099a4c4,trade_item_added,Area,server->client,,CProtoArea_client::recv_trade_item_added
0099a4f4,get_equip_order_list_r,Area,server->client,,CProtoArea_client::recv_get_equip_order_list_r
0099a528,notify_hide_chara,Area,server->client,,CProtoArea_client::recv_notify_hide_chara
0099a558,request_mission_party_start_cancel_r,Area,server->client,,CProtoArea_client::recv_request_mission_party_start_cancel_r
0099a59c,event_variable_datas,Area,server->client,,CProtoArea_client::recv_event_variable_datas
0099a5d0,item_use_r,Area,server->client,,CProtoArea_client::recv_item_use_r
0099a5f8,storage_opened,Area,server->client,,CProtoArea_client::recv_storage_opened
0099a624,request_mission_shop_open_r,Area,server->client,,CProtoArea_client::recv_request_mission_shop_open_r
0099a660,stall_shop_chara_equip,Area,server->client,,CProtoArea_client::recv_stall_shop_chara_equip
0099a694,get_emotion_base_list_r,Area,server->client,,CProtoArea_client::recv_get_emotion_base_list_r
0099a6cc,shop_started,Area,server->client,,CProtoArea_client::recv_shop_started
0099a6f8,pickup_mascot_r,Area,server->client,,CProtoArea_client::recv_pickup_mascot_r
0099a728,notify_update_robo_state,Area,server->client,,CProtoArea_client::recv_notify_update_robo_state
0099a760,shop_update_chara_r,Area,server->client,,CProtoArea_client::recv_shop_update_chara_r
0099a794,adventure_upload_end_r,Area,server->client,,CProtoArea_client::recv_adventure_upload_end_r
0099a7c8,event_island_select_exec,Area,server->client,,CProtoArea_client::recv_event_island_select_exec
0099a800,item_discard_r,Area,server->client,,CProtoArea_client::recv_item_discard_r
0099a82c,notify_live_contest_tag_info,Area,server->client,,CProtoArea_client::recv_notify_live_contest_tag_info
0099a868,shop_buy_r,Area,server->client,,CProtoArea_client::recv_shop_buy_r
0099a890,request_add_friend_list_r,Area,server->client,,CProtoArea_client::recv_request_add_friend_list_r
0099a8c8,get_friend_list_data_r,Area,server->client,,CProtoArea_client::recv_get_friend_list_data_r
0099a8fc,notify_skill_obtain,Area,server->client,,CProtoArea_client::recv_notify_skill_obtain
0099a930,item_removed,Area,server->client,,CProtoArea_client::recv_item_removed
0099a960,adventure_shop_removed_buy_history,Area,server->client,,CProtoArea_client::recv_adventure_shop_removed_buy_history
0099a9a0,get_friend_link_tag_data_r,Area,server->client,,CProtoArea_client::recv_get_friend_link_tag_data_r
0099a9d8,edit_robo_myprofile_r,Area,server->client,,CProtoArea_client::recv_edit_robo_myprofile_r
0099aa0c,ai_shop_ended,Area,server->client,,CProtoArea_client::recv_ai_shop_ended
0099aa38,event_chara_hide,Area,server->client,,CProtoArea_client::recv_event_chara_hide
0099aa68,battle_attack_blaze_r,Area,server->client,,CProtoArea_client::recv_battle_attack_blaze_r
0099aa9c,adventure_work_delete_r,Area,server->client,,CProtoArea_client::recv_adventure_work_delete_r
0099aad8,request_mission_party_mission_start_r,Area,server->client,,CProtoArea_client::recv_request_mission_party_mission_start_r
0099ab1c,mission_party_list_enter_r,Area,server->client,,CProtoArea_client::recv_mission_party_list_enter_r
0099ab54,get_mission_result_item_r,Area,server->client,,CProtoArea_client::recv_get_mission_result_item_r
0099ab8c,adventure_work_sub_sheet_r,Area,server->client,,CProtoArea_client::recv_adventure_work_sub_sheet_r
0099abc4,notify_supply_npc_exec,Area,server->client,,CProtoArea_client::recv_notify_supply_npc_exec
0099abf8,robo_destroy_r,Area,server->client,,CProtoArea_client::recv_robo_destroy_r
0099ac24,adventure_upload_request_report_r,Area,server->client,,CProtoArea_client::recv_adventure_upload_request_report_r
0099ac64,auction_bid_pay_r,Area,server->client,,CProtoArea_client::recv_auction_bid_pay_r
0099ac94,ai_shop_remove_all_buy_history_r,Area,server->client,,CProtoArea_client::recv_ai_shop_remove_all_buy_history_r
0099acd4,enter_map_r,Area,server->client,,CProtoArea_client::recv_enter_map_r
0099ad00,get_other_robo_myprofile_data_r,Area,server->client,,CProtoArea_client::recv_get_other_robo_myprofile_data_r
0099ad40,notify_timelimit_show,Area,server->client,,CProtoArea_client::recv_notify_timelimit_show
0099ad74,skill_exec_r,Area,server->client,,CProtoArea_client::recv_skill_exec_r
0099ada0,emotion_chara_r,Area,server->client,,CProtoArea_client::recv_emotion_chara_r
0099add0,notify_battle_raise_start,Area,server->client,,CProtoArea_client::recv_notify_battle_raise_start
0099ae08,itembox_item_delete,Area,server->client,,CProtoArea_client::recv_itembox_item_delete
0099ae3c,notify_mission_data,Area,server->client,,CProtoArea_client::recv_notify_mission_data
0099ae70,event_start,Area,server->client,,CProtoArea_client::recv_event_start
0099ae9c,item_try_remove_r,Area,server->client,,CProtoArea_client::recv_item_try_remove_r
0099aecc,myroom_start_furniture_r,Area,server->client,,CProtoArea_client::recv_myroom_start_furniture_r
0099af04,money_updated_aipoint,Area,server->client,,CProtoArea_client::recv_money_updated_aipoint
0099af38,trade_refused,Area,server->client,,CProtoArea_client::recv_trade_refused
0099af64,hair_shop_ended,Area,server->client,,CProtoArea_client::recv_hair_shop_ended
0099af98,adventure_shop_remove_buy_history_r,Area,server->client,,CProtoArea_client::recv_adventure_shop_remove_buy_history_r
0099afdc,notify_milestone_hide,Area,server->client,,CProtoArea_client::recv_notify_milestone_hide
0099b010,myroom_set_furniture_r,Area,server->client,,CProtoArea_client::recv_myroom_set_furniture_r
0099b044,shop_end_r,Area,server->client,,CProtoArea_client::recv_shop_end_r
0099b070,expire_item_select_continue_result,Area,server->client,,CProtoArea_client::recv_expire_item_select_continue_result
0099b0b0,notify_mission_party_start_ok_update,Area,server->client,,CProtoArea_client::recv_notify_mission_party_start_ok_update
0099b0f4,heroine_ticket_get_base_r,Area,server->client,,CProtoArea_client::recv_heroine_ticket_get_base_r
0099b12c,mission_outmap_choice_open,Area,server->client,,CProtoArea_client::recv_mission_outmap_choice_open
0099b164,change_friend_list_comment_r,Area,server->client,,CProtoArea_client::recv_change_friend_list_comment_r
0099b1a0,event_areamap_select_exec,Area,server->client,,CProtoArea_client::recv_event_areamap_select_exec
0099b1d8,close_myprofile_r,Area,server->client,,CProtoArea_client::recv_close_myprofile_r
0099b208,nicotv_set_comment_visible_r,Area,server->client,,CProtoArea_client::recv_nicotv_set_comment_visible_r
0099b244,ucc_adv_figure_obtain,Area,server->client,,CProtoArea_client::recv_ucc_adv_figure_obtain
0099b278,get_cosplay_list_r,Area,server->client,,CProtoArea_client::recv_get_cosplay_list_r
0099b2a8,gacha_end_r,Area,server->client,,CProtoArea_client::recv_gacha_end_r
0099b2d4,ai_upload_delete_request_r,Area,server->client,,CProtoArea_client::recv_ai_upload_delete_request_r
0099b30c,get_obtained_skill_list_r,Area,server->client,,CProtoArea_client::recv_get_obtained_skill_list_r
0099b344,notify_robo_data,Area,server->client,,CProtoArea_client::recv_notify_robo_data
0099b374,notify_change_myroom,Area,server->client,,CProtoArea_client::recv_notify_change_myroom
0099b3a8,notify_itemcode_obtain_item,Area,server->client,,CProtoArea_client::recv_notify_itemcode_obtain_item
0099b3e4,notify_robo_job_work,Area,server->client,,CProtoArea_client::recv_notify_robo_job_work
0099b418,event_fade_in,Area,server->client,,CProtoArea_client::recv_event_fade_in
0099b444,notify_battle_raise_end,Area,server->client,,CProtoArea_client::recv_notify_battle_raise_end
0099b47c,notify_timelimit_hide,Area,server->client,,CProtoArea_client::recv_notify_timelimit_hide
0099b4b0,item_equip_started,Area,server->client,,CProtoArea_client::recv_item_equip_started
0099b4e0,mission_raise_choice_open,Area,server->client,,CProtoArea_client::recv_mission_raise_choice_open
0099b518,nicotv_get_playhead_time_r,Area,server->client,,CProtoArea_client::recv_nicotv_get_playhead_time_r
0099b550,adventure_shop_keyword_search_r,Area,server->client,,CProtoArea_client::recv_adventure_shop_keyword_search_r
0099b590,present_npc_started,Area,server->client,,CProtoArea_client::recv_present_npc_started
0099b5c4,event_end,Area,server->client,,CProtoArea_client::recv_event_end
0099b5ec,item_update_list,Area,server->client,,CProtoArea_client::recv_item_update_list
0099b61c,trade_item_removed,Area,server->client,,CProtoArea_client::recv_trade_item_removed
0099b64c,notify_heroine_ticket_heroine,Area,server->client,,CProtoArea_client::recv_notify_heroine_ticket_heroine
0099b688,expire_item_limit_select,Area,server->client,,CProtoArea_client::recv_expire_item_limit_select
0099b6c0,notify_milestone_show,Area,server->client,,CProtoArea_client::recv_notify_milestone_show
0099b6f4,item_update_num,Area,server->client,,CProtoArea_client::recv_item_update_num
0099b724,expire_item_create,Area,server->client,,CProtoArea_client::recv_expire_item_create
0099b758,notify_live_contest_leave_participant,Area,server->client,,CProtoArea_client::recv_notify_live_contest_leave_participant
0099b79c,notify_live_contest_close,Area,server->client,,CProtoArea_client::recv_notify_live_contest_close
0099b7d4,event_bbs_select_exec,Area,server->client,,CProtoArea_client::recv_event_bbs_select_exec
0099b808,notify_update_tank,Area,server->client,,CProtoArea_client::recv_notify_update_tank
0099b838,adventure_shop_started,Area,server->client,,CProtoArea_client::recv_adventure_shop_started
0099b86c,notify_mission_list_end,Area,server->client,,CProtoArea_client::recv_notify_mission_list_end
0099b8a4,request_mission_watch_player_r,Area,server->client,,CProtoArea_client::recv_request_mission_watch_player_r
0099b8e0,stall_close_r,Area,server->client,,CProtoArea_client::recv_stall_close_r
0099b90c,notify_mission_party_remove,Area,server->client,,CProtoArea_client::recv_notify_mission_party_remove
0099b948,enter_areasv_r,Area,server->client,,CProtoArea_client::recv_enter_areasv_r
0099b974,nicotv_play_r,Area,server->client,,CProtoArea_client::recv_nicotv_play_r
0099b9a0,nicotv_close_r,Area,server->client,,CProtoArea_client::recv_nicotv_close_r
0099b9cc,adventure_create_tag_r,Area,server->client,,CProtoArea_client::recv_adventure_create_tag_r
0099bb54,authenticate_r_failure,Auth,server->client,,CProtoAuth_client::recv_authenticate_r_failure
0099bb88,get_worldlist_r,Auth,server->client,,CProtoAuth_client::recv_get_worldlist_r
0099bbb8,authenticate_r_develop,Auth,server->client,,CProtoAuth_client::recv_authenticate_r_develop
0099bbec,notify_logout,Auth,server->client,,CProtoAuth_client::recv_notify_logout
0099bc18,select_world_r,Auth,server->client,,CProtoAuth_client::recv_select_world_r
0099bc44,check_version_r,Auth,server->client,"result, svmajor, svminor, svver",CProtoAuth_client::recv_check_version_r
0099bc74,check_version,Auth,client->server,"clmajor, clminor, clver",CProtoAuth_client::send_check_version
0099bca0,authenticate,Auth,client->server,,CProtoAuth_client::send_authenticate
0099bccc,get_worldlist,Auth,client->server,,CProtoAuth_client::send_get_worldlist
0099bcf8,select_world,Auth,client->server,,CProtoAuth_client::send_select_world
0099c00c,get_channellist_r,Msg,server->client,,CProtoMsg_client::recv_get_channellist_r
0099c03c,select_channel_r,Msg,server->client,,CProtoMsg_client::recv_select_channel_r
0099c070,notify_live_contest_comment_forward,Msg,server->client,,CProtoMsg_client::recv_notify_live_contest_comment_forward
0099c0b0,circle_request_join_member_r,Msg,server->client,,CProtoMsg_client::recv_circle_request_join_member_r
0099c0ec,open_mail_r,Msg,server->client,,CProtoMsg_client::recv_open_mail_r
0099c114,delete_mail_r,Msg,server->client,,CProtoMsg_client::recv_delete_mail_r
0099c140,check_channel_r,Msg,server->client,,CProtoMsg_client::recv_check_channel_r
0099c16c,notify_circle_chat_in,Msg,server->client,,CProtoMsg_client::recv_notify_circle_chat_in
0099c1a0,circle_mark_change_r,Msg,server->client,,CProtoMsg_client::recv_circle_mark_change_r
0099c1d4,notify_live_contest_comment_delete,Msg,server->client,,CProtoMsg_client::recv_notify_live_contest_comment_delete
0099c214,get_item_base_list_r,Msg,server->client,,CProtoMsg_client::recv_get_item_base_list_r
0099c248,notify_circle_member,Msg,server->client,,CProtoMsg_client::recv_notify_circle_member
0099c27c,circle_change_core_authority_r,Msg,server->client,,CProtoMsg_client::recv_circle_change_core_authority_r
0099c2b8,protect_mail_r,Msg,server->client,,CProtoMsg_client::recv_protect_mail_r
0099c2e4,notify_circle_chat_out,Msg,server->client,,CProtoMsg_client::recv_notify_circle_chat_out
0099c318,logout_r,Msg,server->client,,CProtoMsg_client::recv_logout_r
0099c340,circle_leader_change_r,Msg,server->client,,CProtoMsg_client::recv_circle_leader_change_r
0099c374,check_version_r,Msg,server->client,,CProtoMsg_client::recv_check_version_r
0099c3a0,get_avatar_create_info_r,Msg,server->client,,CProtoMsg_client::recv_get_avatar_create_info_r
0099c3d8,circle_chat_post_r,Msg,server->client,,CProtoMsg_client::recv_circle_chat_post_r
0099c408,get_avatar_data_r,Msg,server->client,,CProtoMsg_client::recv_get_avatar_data_r
0099c438,notify_circle_request_join,Msg,server->client,,CProtoMsg_client::recv_notify_circle_request_join
0099c470,circle_chat_in_r,Msg,server->client,,CProtoMsg_client::recv_circle_chat_in_r
0099c4a0,notify_circle_request_join_result,Msg,server->client,,CProtoMsg_client::recv_notify_circle_request_join_result
0099c4e0,get_circle_data_r,Msg,server->client,,CProtoMsg_client::recv_get_circle_data_r
0099c510,notify_circle_change_core_authority,Msg,server->client,,CProtoMsg_client::recv_notify_circle_change_core_authority
0099c550,cmd_exec_r,Msg,server->client,,CProtoMsg_client::recv_cmd_exec_r
0099c578,notify_circle_resign_member,Msg,server->client,,CProtoMsg_client::recv_notify_circle_resign_member
0099c5b0,avatar_create_r,Msg,server->client,,CProtoMsg_client::recv_avatar_create_r
0099c5dc,get_live_contest_all_comment_r,Msg,server->client,,CProtoMsg_client::recv_get_live_contest_all_comment_r
0099c618,notify_circle_mark_change,Msg,server->client,,CProtoMsg_client::recv_notify_circle_mark_change
0099c650,avatar_data,Msg,server->client,,CProtoMsg_client::recv_avatar_data
0099c678,avatar_destroy_r,Msg,server->client,,CProtoMsg_client::recv_avatar_destroy_r
0099c6a8,circle_message_change_r,Msg,server->client,,CProtoMsg_client::recv_circle_message_change_r
0099c6dc,enquete_answer_r,Msg,server->client,,CProtoMsg_client::recv_enquete_answer_r
0099c70c,notify_new_mail,Msg,server->client,,CProtoMsg_client::recv_notify_new_mail
0099c738,circle_chat_forward,Msg,server->client,,CProtoMsg_client::recv_circle_chat_forward
0099c768,get_channellist_map_r,Msg,server->client,,CProtoMsg_client::recv_get_channellist_map_r
0099c79c,notify_placard_comment_log,Msg,server->client,,CProtoMsg_client::recv_notify_placard_comment_log
0099c7d4,circle_member_kick_r,Msg,server->client,,CProtoMsg_client::recv_circle_member_kick_r
0099c808,get_placard_comment_log_r,Msg,server->client,,CProtoMsg_client::recv_get_placard_comment_log_r
0099c840,notify_circle_member_login,Msg,server->client,,CProtoMsg_client::recv_notify_circle_member_login
0099c878,circle_chat_out_r,Msg,server->client,,CProtoMsg_client::recv_circle_chat_out_r
0099c8a8,create_new_circle_r,Msg,server->client,,CProtoMsg_client::recv_create_new_circle_r
0099c8d8,select_avatar_r,Msg,server->client,,CProtoMsg_client::recv_select_avatar_r
0099c904,get_enquete_r,Msg,server->client,,CProtoMsg_client::recv_get_enquete_r
0099c930,notify_circle_kick,Msg,server->client,,CProtoMsg_client::recv_notify_circle_kick
0099c960,circle_request_join_member_cancel_r,Msg,server->client,,CProtoMsg_client::recv_circle_request_join_member_cancel_r
0099c9a0,talk_post_r,Msg,server->client,,CProtoMsg_client::recv_talk_post_r
0099c9c8,notify_circle_message_change,Msg,server->client,,CProtoMsg_client::recv_notify_circle_message_change
0099ca04,post_mail_r,Msg,server->client,,CProtoMsg_client::recv_post_mail_r
0099ca2c,notify_circle_leader_change,Msg,server->client,,CProtoMsg_client::recv_notify_circle_leader_change
0099ca64,talk_forward,Msg,server->client,,CProtoMsg_client::recv_talk_forward
0099ca90,resign_circle_r,Msg,server->client,,CProtoMsg_client::recv_resign_circle_r
0099cabc,select_channel_r_myroom,Msg,server->client,,CProtoMsg_client::recv_select_channel_r_myroom
0099caf0,login_r,Msg,server->client,,CProtoMsg_client::recv_login_r
0099cb14,get_mail_box_data_r,Msg,server->client,,CProtoMsg_client::recv_get_mail_box_data_r
0099cb44,cancel_protect_mail_r,Msg,server->client,,CProtoMsg_client::recv_cancel_protect_mail_r
0099cb78,notify_circle_add_member,Msg,server->client,,CProtoMsg_client::recv_notify_circle_add_member
0099cbb0,notify_circle_member_logout,Msg,server->client,,CProtoMsg_client::recv_notify_circle_member_logout
0099ce24,check_version,Msg,client->server,,CProtoMsg_client::send_check_version
0099ce50,login,Msg,client->server,,CProtoMsg_client::send_login
0099ce74,logout,Msg,client->server,,CProtoMsg_client::send_logout
0099ce98,get_item_base_list,Msg,client->server,,CProtoMsg_client::send_get_item_base_list
0099cec8,get_avatar_data,Msg,client->server,,CProtoMsg_client::send_get_avatar_data
0099cef4,select_avatar,Msg,client->server,,CProtoMsg_client::send_select_avatar
0099cf20,get_avatar_create_info,Msg,client->server,,CProtoMsg_client::send_get_avatar_create_info
0099cf54,avatar_create,Msg,client->server,,CProtoMsg_client::send_avatar_create
0099cf80,avatar_destroy,Msg,client->server,,CProtoMsg_client::send_avatar_destroy
0099cfac,get_enquete,Msg,client->server,,CProtoMsg_client::send_get_enquete
0099cfd4,enquete_answer,Msg,client->server,,CProtoMsg_client::send_enquete_answer
0099d000,get_channellist,Msg,client->server,,CProtoMsg_client::send_get_channellist
0099d02c,get_channellist_map,Msg,client->server,,CProtoMsg_client::send_get_channellist_map
0099d05c,select_channel,Msg,client->server,,CProtoMsg_client::send_select_channel
0099d088,talk_post,Msg,client->server,,CProtoMsg_client::send_talk_post
0099d0b0,cmd_exec,Msg,client->server,,CProtoMsg_client::send_cmd_exec
0099d0d8,post_mail,Msg,client->server,,CProtoMsg_client::send_post_mail
0099d100,get_mail_box_data,Msg,client->server,,CProtoMsg_client::send_get_mail_box_data
0099d130,open_mail,Msg,client->server,,CProtoMsg_client::send_open_mail
0099d158,delete_mail,Msg,client->server,,CProtoMsg_client::send_delete_mail
0099d180,protect_mail,Msg,client->server,,CProtoMsg_client::send_protect_mail
0099d1ac,cancel_protect_mail,Msg,client->server,,CProtoMsg_client::send_cancel_protect_mail
0099d1dc,get_circle_data,Msg,client->server,,CProtoMsg_client::send_get_circle_data
0099d208,create_new_circle,Msg,client->server,,CProtoMsg_client::send_create_new_circle
0099d238,resign_circle,Msg,client->server,,CProtoMsg_client::send_resign_circle
0099d264,circle_member_kick,Msg,client->server,,CProtoMsg_client::send_circle_member_kick
0099d294,circle_mark_change,Msg,client->server,,CProtoMsg_client::send_circle_mark_change
0099d2c4,circle_message_change,Msg,client->server,,CProtoMsg_client::send_circle_message_change
0099d2f8,circle_change_core_authority,Msg,client->server,,CProtoMsg_client::send_circle_change_core_authority
0099d334,circle_request_join_member,Msg,client->server,,CProtoMsg_client::send_circle_request_join_member
0099d36c,circle_request_join_answer,Msg,client->server,,CProtoMsg_client::send_circle_request_join_answer
0099d3a4,circle_request_join_member_cancel,Msg,client->server,,CProtoMsg_client::send_circle_request_join_member_cancel
0099d3e4,circle_chat_in,Msg,client->server,,CProtoMsg_client::send_circle_chat_in
0099d410,circle_chat_out,Msg,client->server,,CProtoMsg_client::send_circle_chat_out
0099d43c,circle_chat_post,Msg,client->server,,CProtoMsg_client::send_circle_chat_post
0099d46c,get_placard_comment_log,Msg,client->server,,CProtoMsg_client::send_get_placard_comment_log