Map, FZ_T02_road01_AAA, -36.0, 0, 12.0, 0, 0.0, 0, 1.0, -0.01, 0.01, 0.01
Map, FZ_T02_road01_AAA, -36.0, 0, 60.0, 0, 0.0, 0, 1.0, -0.01, 0.01, 0.01
Map, FZ_T02_road01_AAB, -12.0, 0, -12.0, 0, 0.0, 0, 1.0, -0.01, 0.01, 0.01
Map, FZ_T02_road01_AAB, -12.0, 0, 36.0, 0, 0.0, 0, 1.0, -0.01, 0.01, 0.01
Map, FZ_T02_road01_BBA, -36.0, 0, 36.0, 0, 0.0, 0, 1.0, -0.01, 0.01, 0.01
Map, FZ_T02_road01_CCA, -12.0, 0, 60.0, 0, 0.0, 0, 1.0, -0.01, 0.01, 0.01
Map, FZ_T02_road01_CCA, -12.0, 0, -108.0, 0, 0.0, 0, 1.0, -0.01, 0.01, 0.01
Map, FZ_T02_road01_CCA, -12.0, 0, -36.0, 0, 0.0, 0, 1.0, -0.01, 0.01, 0.01
Map, FZ_T02_road01_CCA, -12.0, 0, 12.0, 0, 0.7071067811865476, 0, 0.7071067811865476, -0.01, 0.01, 0.01
Map, FZ_T02_road01_CCA, -60.0, 0, -36.0, 0, 0.0, 0, 1.0, -0.01, 0.01, 0.01
Map, FZ_T02_road01_CCA, -60.0, 0, -84.0, 0, 0.0, 0, 1.0, -0.01, 0.01, 0.01
Map, FZ_T02_road01_CCA, -84.0, 0, -84.0, 0, 0.0, 0, 1.0, -0.01, 0.01, 0.01
Map, FZ_T02_road01_CCA, -84.0, 0, -36.0, 0, 0.7071067811865476, 0, 0.7071067811865476, -0.01, 0.01, 0.01
Map, FZ_T02_road01_BBD, -60.0, 0, 36.0, 0, 0.0, 0, 1.0, -0.01, 0.01, 0.01
Map, FZ_T02_road01_BBB, -36.0, 0, -12.0, 0, 0.0, 0, 1.0, -0.01, 0.01, 0.01
Map, FZ_T02_road01_AAE, -156.0, 0, -84.0, 0, 0.0, 0, 1.0, -0.01, 0.01, 0.01
Map, FZ_T02_road01_AAE, -156.0, 0, -60.0, 0, 0.0, 0, 1.0, -0.01, 0.01, 0.01
Map, FZ_T02_road01_AAE, -156.0, 0, -36.0, 0, 0.0, 0, 1.0, -0.01, 0.01, 0.01
Map, FZ_T02_road01_AAE, -156.0, 0, -12.0, 0, 0.0, 0, 1.0, -0.01, 0.01, 0.01
Map, FZ_T02_road01_AAE, -156.0, 0, 12.0, 0, 0.0, 0, 1.0, -0.01, 0.01, 0.01
Map, FZ_T02_road01_AAE, -156.0, 0, 36.0, 0, 0.0, 0, 1.0, -0.01, 0.01, 0.01
Map, FZ_T02_road01_AAE, -156.0, 0, 60.0, 0, 0.0, 0, 1.0, -0.01, 0.01, 0.01
Map, FZ_T02_road01_AAE, -60.0, 0, 60.0, 0, 0.0, 0, 1.0, -0.01, 0.01, 0.01
Map, FZ_T02_road01_AAE, -60.0, 0, 12.0, 0, 0.0, 0, 1.0, -0.01, 0.01, 0.01
Map, FZ_T02_road01_AAE, -180.0, 0, 60.0, 0, 0.0, 0, 1.0, -0.01, 0.01, 0.01
Map, FZ_T02_road01_AAE, -180.0, 0, 36.0, 0, 0.0, 0, 1.0, -0.01, 0.01, 0.01
Map, FZ_T02_road01_AAE, -180.0, 0, 12.0, 0, 0.0, 0, 1.0, -0.01, 0.01, 0.01
Map, FZ_T02_road01_AAE, -180.0, 0, -12.0, 0, 0.0, 0, 1.0, -0.01, 0.01, 0.01
Map, FZ_T02_road01_AAE, -180.0, 0, -36.0, 0, 0.0, 0, 1.0, -0.01, 0.01, 0.01
Map, FZ_T02_road01_AAE, -180.0, 0, -60.0, 0, 0.0, 0, 1.0, -0.01, 0.01, 0.01
Map, FZ_T02_road01_AAE, -180.0, 0, -84.0, 0, 0.0, 0, 1.0, -0.01, 0.01, 0.01
Map, FZ_T02_road01_AAE, -204.0, 0, 60.0, 0, 0.0, 0, 1.0, -0.01, 0.01, 0.01
Map, FZ_T02_road01_AAE, -204.0, 0, 36.0, 0, 0.0, 0, 1.0, -0.01, 0.01, 0.01
Map, FZ_T02_road01_AAE, -204.0, 0, 12.0, 0, 0.0, 0, 1.0, -0.01, 0.01, 0.01
Map, FZ_T02_road01_AAE, -204.0, 0, -12.0, 0, 0.0, 0, 1.0, -0.01, 0.01, 0.01
Map, FZ_T02_road01_AAE, -204.0, 0, -36.0, 0, 0.0, 0, 1.0, -0.01, 0.01, 0.01
Map, FZ_T02_road01_AAE, -204.0, 0, -60.0, 0, 0.0, 0, 1.0, -0.01, 0.01, 0.01
Map, FZ_T02_road01_AAE, -204.0, 0, -84.0, 0, 0.0, 0, 1.0, -0.01, 0.01, 0.01
Map, FZ_T02_road01_AAE, -204.0, 0, -180.0, 0, 0.0, 0, 1.0, -0.01, 0.01, 0.01
Map, FZ_T02_road01_AAE, -180.0, 0, -180.0, 0, 0.0, 0, 1.0, -0.01, 0.01, 0.01
Map, FZ_T02_road01_AAE, -180.0, 0, -228.0, 0, 0.0, 0, 1.0, -0.01, 0.01, 0.01
Map, FZ_T02_road01_AAE, -204.0, 0, -228.0, 0, 0.0, 0, 1.0, -0.01, 0.01, 0.01
Map, FZ_T02_road01_AAE, -228.0, 0, 60.0, 0, 0.0, 0, 1.0, -0.01, 0.01, 0.01
Map, FZ_T02_road01_AAE, -228.0, 0, 36.0, 0, 0.0, 0, 1.0, -0.01, 0.01, 0.01
Map, FZ_T02_road01_AAE, -228.0, 0, 12.0, 0, 0.0, 0, 1.0, -0.01, 0.01, 0.01
Map, FZ_T02_road01_AAE, -228.0, 0, -12.0, 0, 0.0, 0, 1.0, -0.01, 0.01, 0.01
Map, FZ_T02_road01_AAE, -228.0, 0, -36.0, 0, 0.0, 0, 1.0, -0.01, 0.01, 0.01
Map, FZ_T02_road01_AAE, -228.0, 0, -60.0, 0, 0.0, 0, 1.0, -0.01, 0.01, 0.01
Map, FZ_T02_road01_AAE, -228.0, 0, -84.0, 0, 0.0, 0, 1.0, -0.01, 0.01, 0.01
Map, FZ_T02_road01_AAE, -228.0, 0, -180.0, 0, 0.0, 0, 1.0, -0.01, 0.01, 0.01
Map, FZ_T02_road01_AAE, -228.0, 0, -228.0, 0, 0.0, 0, 1.0, -0.01, 0.01, 0.01
Map, FZ_T02_road01_AAD, -12.0, 0, -60.0, 0, 0.0, 0, 1.0, -0.01, 0.01, 0.01
Map, FZ_T02_road01_AAF, -60.0, 0, 84.0, 0, 0.0, 0, 1.0, -0.01, 0.01, 0.01
Map, FZ_T02_road01_BBE, -36.0, 0, 84.0, 0, 0.0, 0, 1.0, -0.01, 0.01, 0.01
Map, FZ_T02_road01_CCC, -36.0, 0, 108.0, 0, 0.0, 0, 1.0, -0.01, 0.01, 0.01
Map, FZ_T02_road01_CCC, -60.0, 0, 108.0, 0, 0.0, 0, 1.0, -0.01, 0.01, 0.01
Map, FZ_T02_road01_CCC, -84.0, 0, 108.0, 0, 0.0, 0, 1.0, -0.01, 0.01, 0.01
Map, FZ_T02_road01_CCC, -108.0, 0, 108.0, 0, 0.0, 0, 1.0, -0.01, 0.01, 0.01
Map, FZ_T02_road01_CCC, -156.0, 0, 108.0, 0, 0.0, 0, 1.0, -0.01, 0.01, 0.01
Map, FZ_T02_road01_CCC, -156.0, 0, 132.0, 0, 0.0, 0, 1.0, -0.01, 0.01, 0.01
Map, FZ_T02_road01_CCC, -132.0, 0, 132.0, 0, 0.0, 0, 1.0, -0.01, 0.01, 0.01
Map, FZ_T02_road01_CCC, -108.0, 0, 132.0, 0, 0.0, 0, 1.0, -0.01, 0.01, 0.01
Map, FZ_T02_road01_CCC, -84.0, 0, 132.0, 0, 0.0, 0, 1.0, -0.01, 0.01, 0.01
Map, FZ_T02_road01_CCC, -60.0, 0, 132.0, 0, 0.0, 0, 1.0, -0.01, 0.01, 0.01
Map, FZ_T02_road01_CCC, -36.0, 0, 132.0, 0, 0.0, 0, 1.0, -0.01, 0.01, 0.01
Map, FZ_T02_road01_CCC, -12.0, 0, 132.0, 0, 0.0, 0, 1.0, -0.01, 0.01, 0.01
Map, FZ_T02_road01_CCC, 12.0, 0, 132.0, 0, 0.0, 0, 1.0, -0.01, 0.01, 0.01
Map, FZ_T02_road01_CCC, 36.0, 0, 132.0, 0, 0.0, 0, 1.0, -0.01, 0.01, 0.01
Map, FZ_T02_road01_CCC, 60.0, 0, 132.0, 0, 0.0, 0, 1.0, -0.01, 0.01, 0.01
Map, FZ_T02_road01_CCC, 108.0, 0, 132.0, 0, 0.0, 0, 1.0, -0.01, 0.01, 0.01
Map, FZ_T02_road01_CCC, 84.0, 0, 132.0, 0, 0.0, 0, 1.0, -0.01, 0.01, 0.01
Map, FZ_T02_road01_CCC, 132.0, 0, 132.0, 0, 0.0, 0, 1.0, -0.01, 0.01, 0.01
Map, FZ_T02_road01_CCC, 156.0, 0, 132.0, 0, 0.0, 0, 1.0, -0.01, 0.01, 0.01
Map, FZ_T02_road01_CCC, 180.0, 0, 132.0, 0, 0.0, 0, 1.0, -0.01, 0.01, 0.01
Map, FZ_T02_road01_CCC, 204.0, 0, 132.0, 0, 0.0, 0, 1.0, -0.01, 0.01, 0.01
Map, FZ_T02_road01_CCC, -132.0, 0, 108.0, 0, 0.0, 0, 1.0, -0.01, 0.01, 0.01
Map, FZ_T02_road01_CCC, 300.0, 0, 132.0, 0, 0.7071067811865476, 0, 0.7071067811865476, -0.01, 0.01, 0.01
Map, FZ_T02_road01_CCC, 300.0, 0, 108.0, 0, 0.7071067811865476, 0, 0.7071067811865476, -0.01, 0.01, 0.01
Map, FZ_T02_road01_CCC, 300.0, 0, 84.0, 0, 0.7071067811865476, 0, 0.7071067811865476, -0.01, 0.01, 0.01
Map, FZ_T02_road01_CCC, 300.0, 0, 60.0, 0, 0.7071067811865476, 0, 0.7071067811865476, -0.01, 0.01, 0.01
Map, FZ_T02_road01_CCC, 300.0, 0, 36.0, 0, 0.7071067811865476, 0, 0.7071067811865476, -0.01, 0.01, 0.01
Map, FZ_T02_road01_CCC, 300.0, 0, 12.0, 0, 0.7071067811865476, 0, 0.7071067811865476, -0.01, 0.01, 0.01
Map, FZ_T02_road01_CCC, 300.0, 0, -12.0, 0, 0.7071067811865476, 0, 0.7071067811865476, -0.01, 0.01, 0.01
Map, FZ_T02_road01_CCC, 300.0, 0, -84.0, 0, 0.7071067811865476, 0, 0.7071067811865476, -0.01, 0.01, 0.01
Map, FZ_T02_road01_CCC, 300.0, 0, -108.0, 0, 0.7071067811865476, 0, 0.7071067811865476, -0.01, 0.01, 0.01
Map, FZ_T02_road01_CCC, -180.0, 0, 132.0, 0, 0.0, 0, 1.0, -0.01, 0.01, 0.01
Map, FZ_T02_road01_CCC, -180.0, 0, 108.0, 0, 0.0, 0, 1.0, -0.01, 0.01, 0.01
Map, FZ_T02_road01_CCC, 204.0, 0, 156.0, 0, 0.0, 0, 1.0, -0.01, 0.01, 0.01
Map, FZ_T02_road01_CCC, 180.0, 0, 156.0, 0, 0.0, 0, 1.0, -0.01, 0.01, 0.01
Map, FZ_T02_road01_CCC, 156.0, 0, 156.0, 0, 0.0, 0, 1.0, -0.01, 0.01, 0.01
Map, FZ_T02_road01_CCC, 132.0, 0, 156.0, 0, 0.0, 0, 1.0, -0.01, 0.01, 0.01
Map, FZ_T02_road01_CCC, 108.0, 0, 156.0, 0, 0.0, 0, 1.0, -0.01, 0.01, 0.01
Map, FZ_T02_road01_CCC, 60.0, 0, 156.0, 0, 0.0, 0, 1.0, -0.01, 0.01, 0.01
Map, FZ_T02_road01_CCC, 84.0, 0, 156.0, 0, 0.0, 0, 1.0, -0.01, 0.01, 0.01
Map, FZ_T02_road01_CCC, 36.0, 0, 156.0, 0, 0.0, 0, 1.0, -0.01, 0.01, 0.01
Map, FZ_T02_road01_CCC, 12.0, 0, 156.0, 0, 0.0, 0, 1.0, -0.01, 0.01, 0.01
Map, FZ_T02_road01_CCC, -12.0, 0, 156.0, 0, 0.0, 0, 1.0, -0.01, 0.01, 0.01
Map, FZ_T02_road01_CCC, -36.0, 0, 156.0, 0, 0.0, 0, 1.0, -0.01, 0.01, 0.01
Map, FZ_T02_road01_CCC, -60.0, 0, 156.0, 0, 0.0, 0, 1.0, -0.01, 0.01, 0.01
Map, FZ_T02_road01_CCC, -84.0, 0, 156.0, 0, 0.0, 0, 1.0, -0.01, 0.01, 0.01
Map, FZ_T02_road01_CCC, -108.0, 0, 156.0, 0, 0.0, 0, 1.0, -0.01, 0.01, 0.01
Map, FZ_T02_road01_CCC, -132.0, 0, 156.0, 0, 0.0, 0, 1.0, -0.01, 0.01, 0.01
Map, FZ_T02_road01_CCC, -156.0, 0, 156.0, 0, 0.0, 0, 1.0, -0.01, 0.01, 0.01
Map, FZ_T02_road01_CCC, -180.0, 0, 156.0, 0, 0.0, 0, 1.0, -0.01, 0.01, 0.01
Map, FZ_T02_road01_CCC, 300.0, 0, 156.0, 0, 0.7071067811865476, 0, 0.7071067811865476, -0.01, 0.01, 0.01
Map, FZ_T02_road01_CCC, 300.0, 0, -132.0, 0, 0.7071067811865476, 0, 0.7071067811865476, -0.01, 0.01, 0.01
Map, FZ_T02_road01_CCC, -204.0, 0, 156.0, 0, 0.0, 0, 1.0, -0.01, 0.01, 0.01
Map, FZ_T02_road01_CCC, -204.0, 0, 132.0, 0, 0.0, 0, 1.0, -0.01, 0.01, 0.01
Map, FZ_T02_road01_CCC, -204.0, 0, 108.0, 0, 0.0, 0, 1.0, -0.01, 0.01, 0.01
Map, FZ_T02_road01_CCC, 300.0, 0, 180.0, 0, 0.7071067811865476, 0, 0.7071067811865476, -0.01, 0.01, 0.01
Map, FZ_T02_road01_CCC, 204.0, 0, 180.0, 0, 0.0, 0, 1.0, -0.01, 0.01, 0.01
Map, FZ_T02_road01_CCC, 156.0, 0, 180.0, 0, 0.0, 0, 1.0, -0.01, 0.01, 0.01
Map, FZ_T02_road01_CCC, 180.0, 0, 180.0, 0, 0.0, 0, 1.0, -0.01, 0.01, 0.01
Map, FZ_T02_road01_CCC, 132.0, 0, 180.0, 0, 0.0, 0, 1.0, -0.01, 0.01, 0.01
Map, FZ_T02_road01_CCC, 108.0, 0, 180.0, 0, 0.0, 0, 1.0, -0.01, 0.01, 0.01
Map, FZ_T02_road01_CCC, 84.0, 0, 180.0, 0, 0.0, 0, 1.0, -0.01, 0.01, 0.01
Map, FZ_T02_road01_CCC, 60.0, 0, 180.0, 0, 0.0, 0, 1.0, -0.01, 0.01, 0.01
Map, FZ_T02_road01_CCC, 36.0, 0, 180.0, 0, 0.0, 0, 1.0, -0.01, 0.01, 0.01
Map, FZ_T02_road01_CCC, 12.0, 0, 180.0, 0, 0.0, 0, 1.0, -0.01, 0.01, 0.01
Map, FZ_T02_road01_CCC, -12.0, 0, 180.0, 0, 0.0, 0, 1.0, -0.01, 0.01, 0.01
Map, FZ_T02_road01_CCC, -36.0, 0, 180.0, 0, 0.0, 0, 1.0, -0.01, 0.01, 0.01
Map, FZ_T02_road01_CCC, -60.0, 0, 180.0, 0, 0.0, 0, 1.0, -0.01, 0.01, 0.01
Map, FZ_T02_road01_CCC, -84.0, 0, 180.0, 0, 0.0, 0, 1.0, -0.01, 0.01, 0.01
Map, FZ_T02_road01_CCC, -108.0, 0, 180.0, 0, 0.0, 0, 1.0, -0.01, 0.01, 0.01
Map, FZ_T02_road01_CCC, -156.0, 0, 180.0, 0, 0.0, 0, 1.0, -0.01, 0.01, 0.01
Map, FZ_T02_road01_CCC, -132.0, 0, 180.0, 0, 0.0, 0, 1.0, -0.01, 0.01, 0.01
Map, FZ_T02_road01_CCC, -180.0, 0, 180.0, 0, 0.0, 0, 1.0, -0.01, 0.01, 0.01
Map, FZ_T02_road01_CCC, -204.0, 0, 180.0, 0, 0.0, 0, 1.0, -0.01, 0.01, 0.01
Map, FZ_T02_road01_CCC, 300.0, 0, 204.0, 0, 0.7071067811865476, 0, 0.7071067811865476, -0.01, 0.01, 0.01
Map, FZ_T02_road01_CCC, 204.0, 0, 204.0, 0, 0.0, 0, 1.0, -0.01, 0.01, 0.01
Map, FZ_T02_road01_CCC, 180.0, 0, 204.0, 0, 0.0, 0, 1.0, -0.01, 0.01, 0.01
Map, FZ_T02_road01_CCC, 156.0, 0, 204.0, 0, 0.0, 0, 1.0, -0.01, 0.01, 0.01
Map, FZ_T02_road01_CCC, 132.0, 0, 204.0, 0, 0.0, 0, 1.0, -0.01, 0.01, 0.01
Map, FZ_T02_road01_CCC, 108.0, 0, 204.0, 0, 0.0, 0, 1.0, -0.01, 0.01, 0.01
Map, FZ_T02_road01_CCC, 84.0, 0, 204.0, 0, 0.0, 0, 1.0, -0.01, 0.01, 0.01
Map, FZ_T02_road01_CCC, 36.0, 0, 204.0, 0, 0.0, 0, 1.0, -0.01, 0.01, 0.01
Map, FZ_T02_road01_CCC, 60.0, 0, 204.0, 0, 0.0, 0, 1.0, -0.01, 0.01, 0.01
Map, FZ_T02_road01_CCC, 12.0, 0, 204.0, 0, 0.0, 0, 1.0, -0.01, 0.01, 0.01
Map, FZ_T02_road01_CCC, -12.0, 0, 204.0, 0, 0.0, 0, 1.0, -0.01, 0.01, 0.01
Map, FZ_T02_road01_CCC, -36.0, 0, 204.0, 0, 0.0, 0, 1.0, -0.01, 0.01, 0.01
Map, FZ_T02_road01_CCC, -60.0, 0, 204.0, 0, 0.0, 0, 1.0, -0.01, 0.01, 0.01
Map, FZ_T02_road01_CCC, -84.0, 0, 204.0, 0, 0.0, 0, 1.0, -0.01, 0.01, 0.01
Map, FZ_T02_road01_CCC, -108.0, 0, 204.0, 0, 0.0, 0, 1.0, -0.01, 0.01, 0.01
Map, FZ_T02_road01_CCC, -156.0, 0, 204.0, 0, 0.0, 0, 1.0, -0.01, 0.01, 0.01
Map, FZ_T02_road01_CCC, -132.0, 0, 204.0, 0, 0.0, 0, 1.0, -0.01, 0.01, 0.01
Map, FZ_T02_road01_CCC, -180.0, 0, 204.0, 0, 0.0, 0, 1.0, -0.01, 0.01, 0.01
Map, FZ_T02_road01_CCC, -204.0, 0, 204.0, 0, 0.0, 0, 1.0, -0.01, 0.01, 0.01
Map, FZ_T02_road01_CCC, 300.0, 0, 228.0, 0, 0.7071067811865476, 0, 0.7071067811865476, -0.01, 0.01, 0.01
Map, FZ_T02_road01_CCC, 204.0, 0, 228.0, 0, 0.0, 0, 1.0, -0.01, 0.01, 0.01
Map, FZ_T02_road01_CCC, 156.0, 0, 228.0, 0, 0.0, 0, 1.0, -0.01, 0.01, 0.01
Map, FZ_T02_road01_CCC, 180.0, 0, 228.0, 0, 0.0, 0, 1.0, -0.01, 0.01, 0.01
Map, FZ_T02_road01_CCC, 132.0, 0, 228.0, 0, 0.0, 0, 1.0, -0.01, 0.01, 0.01
Map, FZ_T02_road01_CCC, 108.0, 0, 228.0, 0, 0.0, 0, 1.0, -0.01, 0.01, 0.01
Map, FZ_T02_road01_CCC, 84.0, 0, 228.0, 0, 0.0, 0, 1.0, -0.01, 0.01, 0.01
Map, FZ_T02_road01_CCC, 60.0, 0, 228.0, 0, 0.0, 0, 1.0, -0.01, 0.01, 0.01
Map, FZ_T02_road01_CCC, 36.0, 0, 228.0, 0, 0.0, 0, 1.0, -0.01, 0.01, 0.01
Map, FZ_T02_road01_CCC, 12.0, 0, 228.0, 0, 0.0, 0, 1.0, -0.01, 0.01, 0.01
Map, FZ_T02_road01_CCC, -12.0, 0, 228.0, 0, 0.0, 0, 1.0, -0.01, 0.01, 0.01
Map, FZ_T02_road01_CCC, -36.0, 0, 228.0, 0, 0.0, 0, 1.0, -0.01, 0.01, 0.01
Map, FZ_T02_road01_CCC, -60.0, 0, 228.0, 0, 0.0, 0, 1.0, -0.01, 0.01, 0.01
Map, FZ_T02_road01_CCC, -84.0, 0, 228.0, 0, 0.0, 0, 1.0, -0.01, 0.01, 0.01
Map, FZ_T02_road01_CCC, -132.0, 0, 228.0, 0, 0.0, 0, 1.0, -0.01, 0.01, 0.01
Map, FZ_T02_road01_CCC, -156.0, 0, 228.0, 0, 0.0, 0, 1.0, -0.01, 0.01, 0.01
Map, FZ_T02_road01_CCC, -108.0, 0, 228.0, 0, 0.0, 0, 1.0, -0.01, 0.01, 0.01
Map, FZ_T02_road01_CCC, -180.0, 0, 228.0, 0, 0.0, 0, 1.0, -0.01, 0.01, 0.01
Map, FZ_T02_road01_CCC, -204.0, 0, 228.0, 0, 0.0, 0, 1.0, -0.01, 0.01, 0.01
Map, FZ_T02_road01_CCC, 324.0, 0, 228.0, 0, 0.7071067811865476, 0, 0.7071067811865476, -0.01, 0.01, 0.01
Map, FZ_T02_road01_CCC, 324.0, 0, 204.0, 0, 0.7071067811865476, 0, 0.7071067811865476, -0.01, 0.01, 0.01
Map, FZ_T02_road01_CCC, 324.0, 0, 180.0, 0, 0.7071067811865476, 0, 0.7071067811865476, -0.01, 0.01, 0.01
Map, FZ_T02_road01_CCC, 324.0, 0, 156.0, 0, 0.7071067811865476, 0, 0.7071067811865476, -0.01, 0.01, 0.01
Map, FZ_T02_road01_CCC, 324.0, 0, 132.0, 0, 0.7071067811865476, 0, 0.7071067811865476, -0.01, 0.01, 0.01
Map, FZ_T02_road01_CCC, 324.0, 0, 108.0, 0, 0.7071067811865476, 0, 0.7071067811865476, -0.01, 0.01, 0.01
Map, FZ_T02_road01_CCC, 324.0, 0, 84.0, 0, 0.7071067811865476, 0, 0.7071067811865476, -0.01, 0.01, 0.01
Map, FZ_T02_road01_CCC, 324.0, 0, 60.0, 0, 0.7071067811865476, 0, 0.7071067811865476, -0.01, 0.01, 0.01
Map, FZ_T02_road01_CCC, 324.0, 0, 36.0, 0, 0.7071067811865476, 0, 0.7071067811865476, -0.01, 0.01, 0.01
Map, FZ_T02_road01_CCC, 324.0, 0, 12.0, 0, 0.7071067811865476, 0, 0.7071067811865476, -0.01, 0.01, 0.01
Map, FZ_T02_road01_CCC, 324.0, 0, -12.0, 0, 0.7071067811865476, 0, 0.7071067811865476, -0.01, 0.01, 0.01
Map, FZ_T02_road01_CCC, 324.0, 0, -36.0, 0, 0.7071067811865476, 0, 0.7071067811865476, -0.01, 0.01, 0.01
Map, FZ_T02_road01_CCC, 324.0, 0, -60.0, 0, 0.7071067811865476, 0, 0.7071067811865476, -0.01, 0.01, 0.01
Map, FZ_T02_road01_CCC, 324.0, 0, -84.0, 0, 0.7071067811865476, 0, 0.7071067811865476, -0.01, 0.01, 0.01
Map, FZ_T02_road01_CCC, 324.0, 0, -108.0, 0, 0.7071067811865476, 0, 0.7071067811865476, -0.01, 0.01, 0.01
Map, FZ_T02_road01_CCC, 324.0, 0, -132.0, 0, 0.7071067811865476, 0, 0.7071067811865476, -0.01, 0.01, 0.01
Map, FZ_T02_road01_CCC, 12.0, 0, -180.0, 0, 0.0, 0, 1.0, -0.01, 0.01, 0.01
Map, FZ_T02_road01_CCC, 36.0, 0, -180.0, 0, 0.0, 0, 1.0, -0.01, 0.01, 0.01
Map, FZ_T02_road01_CCC, 60.0, 0, -180.0, 0, 0.0, 0, 1.0, -0.01, 0.01, 0.01
Map, FZ_T02_road01_CCC, 84.0, 0, -180.0, 0, 0.0, 0, 1.0, -0.01, 0.01, 0.01
Map, FZ_T02_road01_CCC, 108.0, 0, -180.0, 0, 0.0, 0, 1.0, -0.01, 0.01, 0.01
Map, FZ_T02_road01_CCC, 132.0, 0, -180.0, 0, 0.0, 0, 1.0, -0.01, 0.01, 0.01
Map, FZ_T02_road01_CCC, 156.0, 0, -180.0, 0, 0.0, 0, 1.0, -0.01, 0.01, 0.01
Map, FZ_T02_road01_CCC, 180.0, 0, -180.0, 0, 0.0, 0, 1.0, -0.01, 0.01, 0.01
Map, FZ_T02_road01_CCC, 204.0, 0, -180.0, 0, 0.0, 0, 1.0, -0.01, 0.01, 0.01
Map, FZ_T02_road01_CCC, 228.0, 0, -180.0, 0, 0.0, 0, 1.0, -0.01, 0.01, 0.01
Map, FZ_T02_road01_CCC, 252.0, 0, -180.0, 0, 0.0, 0, 1.0, -0.01, 0.01, 0.01
Map, FZ_T02_road01_CCC, 276.0, 0, -180.0, 0, 0.0, 0, 1.0, -0.01, 0.01, 0.01
Map, FZ_T02_road01_CCC, 300.0, 0, -180.0, 0, 0.0, 0, 1.0, -0.01, 0.01, 0.01
Map, FZ_T02_road01_CCC, 324.0, 0, -180.0, 0, 0.0, 0, 1.0, -0.01, 0.01, 0.01
Map, FZ_T02_road01_CCC, 12.0, 0, -204.0, 0, 0.0, 0, 1.0, -0.01, 0.01, 0.01
Map, FZ_T02_road01_CCC, 60.0, 0, -204.0, 0, 0.0, 0, 1.0, -0.01, 0.01, 0.01
Map, FZ_T02_road01_CCC, 36.0, 0, -204.0, 0, 0.0, 0, 1.0, -0.01, 0.01, 0.01
Map, FZ_T02_road01_CCC, 84.0, 0, -204.0, 0, 0.0, 0, 1.0, -0.01, 0.01, 0.01
Map, FZ_T02_road01_CCC, 108.0, 0, -204.0, 0, 0.0, 0, 1.0, -0.01, 0.01, 0.01
Map, FZ_T02_road01_CCC, 132.0, 0, -204.0, 0, 0.0, 0, 1.0, -0.01, 0.01, 0.01
Map, FZ_T02_road01_CCC, 156.0, 0, -204.0, 0, 0.0, 0, 1.0, -0.01, 0.01, 0.01
Map, FZ_T02_road01_CCC, 180.0, 0, -204.0, 0, 0.0, 0, 1.0, -0.01, 0.01, 0.01
Map, FZ_T02_road01_CCC, 204.0, 0, -204.0, 0, 0.0, 0, 1.0, -0.01, 0.01, 0.01
Map, FZ_T02_road01_CCC, 228.0, 0, -204.0, 0, 0.0, 0, 1.0, -0.01, 0.01, 0.01
Map, FZ_T02_road01_CCC, 252.0, 0, -204.0, 0, 0.0, 0, 1.0, -0.01, 0.01, 0.01
Map, FZ_T02_road01_CCC, 276.0, 0, -204.0, 0, 0.0, 0, 1.0, -0.01, 0.01, 0.01
Map, FZ_T02_road01_CCC, 300.0, 0, -204.0, 0, 0.0, 0, 1.0, -0.01, 0.01, 0.01
Map, FZ_T02_road01_CCC, 324.0, 0, -204.0, 0, 0.0, 0, 1.0, -0.01, 0.01, 0.01
Map, FZ_T02_road01_CCC, -12.0, 0, -204.0, 0, 0.0, 0, 1.0, -0.01, 0.01, 0.01
Map, FZ_T02_road01_CCC, -12.0, 0, -228.0, 0, 0.0, 0, 1.0, -0.01, 0.01, 0.01
Map, FZ_T02_road01_CCC, 12.0, 0, -228.0, 0, 0.0, 0, 1.0, -0.01, 0.01, 0.01
Map, FZ_T02_road01_CCC, 36.0, 0, -228.0, 0, 0.0, 0, 1.0, -0.01, 0.01, 0.01
Map, FZ_T02_road01_CCC, 60.0, 0, -228.0, 0, 0.0, 0, 1.0, -0.01, 0.01, 0.01
Map, FZ_T02_road01_CCC, 84.0, 0, -228.0, 0, 0.0, 0, 1.0, -0.01, 0.01, 0.01
Map, FZ_T02_road01_CCC, 132.0, 0, -228.0, 0, 0.0, 0, 1.0, -0.01, 0.01, 0.01
Map, FZ_T02_road01_CCC, 108.0, 0, -228.0, 0, 0.0, 0, 1.0, -0.01, 0.01, 0.01
Map, FZ_T02_road01_CCC, 180.0, 0, -228.0, 0, 0.0, 0, 1.0, -0.01, 0.01, 0.01
Map, FZ_T02_road01_CCC, 156.0, 0, -228.0, 0, 0.0, 0, 1.0, -0.01, 0.01, 0.01
Map, FZ_T02_road01_CCC, 228.0, 0, -228.0, 0, 0.0, 0, 1.0, -0.01, 0.01, 0.01
Map, FZ_T02_road01_CCC, 276.0, 0, -228.0, 0, 0.0, 0, 1.0, -0.01, 0.01, 0.01
Map, FZ_T02_road01_CCC, 300.0, 0, -228.0, 0, 0.0, 0, 1.0, -0.01, 0.01, 0.01
Map, FZ_T02_road01_CCC, 324.0, 0, -228.0, 0, 0.0, 0, 1.0, -0.01, 0.01, 0.01
Map, FZ_T02_road01_CCC, 252.0, 0, -228.0, 0, 0.0, 0, 1.0, -0.01, 0.01, 0.01
Map, FZ_T02_road01_CCC, 204.0, 0, -228.0, 0, 0.0, 0, 1.0, -0.01, 0.01, 0.01
Map, FZ_T02_road01_CCC, -12.0, 0, -180.0, 0, 0.0, 0, 1.0, -0.01, 0.01, 0.01
Map, FZ_T02_road01_CCC, -36.0, 0, -180.0, 0, 0.0, 0, 1.0, -0.01, 0.01, 0.01
Map, FZ_T02_road01_CCC, -36.0, 0, -228.0, 0, 0.0, 0, 1.0, -0.01, 0.01, 0.01
Map, FZ_T02_road01_CCC, -60.0, 0, -228.0, 0, 0.0, 0, 1.0, -0.01, 0.01, 0.01
Map, FZ_T02_road01_CCC, -228.0, 0, 228.0, 0, 0.0, 0, 1.0, -0.01, 0.01, 0.01
Map, FZ_T02_road01_CCC, -228.0, 0, 204.0, 0, 0.0, 0, 1.0, -0.01, 0.01, 0.01
Map, FZ_T02_road01_CCC, -228.0, 0, 180.0, 0, 0.0, 0, 1.0, -0.01, 0.01, 0.01
Map, FZ_T02_road01_CCC, -228.0, 0, 156.0, 0, 0.0, 0, 1.0, -0.01, 0.01, 0.01
Map, FZ_T02_road01_CCC, -228.0, 0, 132.0, 0, 0.0, 0, 1.0, -0.01, 0.01, 0.01
Map, FZ_T02_road01_CCC, -228.0, 0, 108.0, 0, 0.0, 0, 1.0, -0.01, 0.01, 0.01
Map, FZ_T02_road01_CCD, -12.0, 0, 108.0, 0, 0.0, 0, 1.0, -0.01, 0.01, 0.01
Map, FZ_T02_road01_AAC, -36.0, 0, -36.0, 0, 0.0, 0, 1.0, -0.01, 0.01, 0.01
Map, FZ_T02_road01_AAI, -36.0, 0, -84.0, 0, 0.0, 0, 1.0, -0.01, 0.01, 0.01
Map, FZ_T02_road01_BBC, -36.0, 0, -60.0, 0, 0.0, 0, 1.0, -0.01, 0.01, 0.01
Map, FZ_T02_road01_GGE, -60.0, 0, -108.0, 0, 0.0, 0, 1.0, -0.01, 0.01, 0.01
Map, FZ_T02_road01_CCB, -12.0, 0, -84.0, 0, 0.0, 0, 1.0, -0.01, 0.01, 0.01
Map, FZ_T02_road01_EEA, 12.0, 0, 84.0, 0, 0.0, 0, 1.0, -0.01, 0.01, 0.01
Map, FZ_T02_road01_EEC, 84.0, 0, 84.0, 0, 0.0, 0, 1.0, -0.01, 0.01, 0.01
Map, FZ_T02_road01_DDC, 156.0, 0, 108.0, 0, 0.0, 0, 1.0, -0.01, 0.01, 0.01
Map, FZ_T02_road01_DDH, 204.0, 0, 108.0, 0, 0.0, 0, 1.0, -0.01, 0.01, 0.01
Map, FZ_T02_road01_DDI, 204.0, 0, 60.0, 0, 0.0, 0, 1.0, -0.01, 0.01, 0.01
Map, FZ_T02_road01_DDJ, 204.0, 0, 12.0, 0, 0.0, 0, 1.0, -0.01, 0.01, 0.01
Map, FZ_T02_road01_DDK, 156.0, 0, 60.0, 0, 0.0, 0, 1.0, -0.01, 0.01, 0.01
Map, FZ_T02_road01_EEB, 12.0, 0, 12.0, 0, 0.0, 0, 1.0, -0.01, 0.01, 0.01
Map, FZ_T02_road01_EED, 84.0, 0, 12.0, 0, 0.0, 0, 1.0, -0.01, 0.01, 0.01
Map, FZ_T02_road01_DDL, 156.0, 0, 12.0, 0, 0.0, 0, 1.0, -0.01, 0.01, 0.01
Map, FZ_T02_road01_AAQ, 36.0, 0, 108.0, 0, 0.0, 0, 1.0, -0.01, 0.01, 0.01
Map, FZ_T02_road01_AAQ, 60.0, 0, 108.0, 0, 0.0, 0, 1.0, -0.01, 0.01, 0.01
Map, FZ_T02_road01_AAQ, 84.0, 0, 108.0, 0, 0.0, 0, 1.0, -0.01, 0.01, 0.01
Map, FZ_T02_road01_AAR, 12.0, 0, 108.0, 0, 0.0, 0, 1.0, -0.01, 0.01, 0.01
Map, FZ_T02_road01_AAS, 108.0, 0, 108.0, 0, 0.0, 0, 1.0, -0.01, 0.01, 0.01
Map, FZ_T02_road01_AAT, 12.0, 0, -108.0, 0, 0.0, 0, 1.0, -0.01, 0.01, 0.01
Map, FZ_T02_road01_AAV, 228.0, 0, -36.0, 0, 0.0, 0, 1.0, -0.01, 0.01, 0.01
Map, FZ_T02_road01_CCF, 36.0, 0, -108.0, 0, 0.0, 0, 1.0, -0.01, 0.01, 0.01
Map, FZ_T02_road01_CCF, 60.0, 0, -108.0, 0, 0.0, 0, 1.0, -0.01, 0.01, 0.01
Map, FZ_T02_road01_DDB, 12.0, 0, -60.0, 0, 0.0, 0, 1.0, -0.01, 0.01, 0.01
Map, FZ_T02_road01_DDD, 60.0, 0, -60.0, 0, 0.0, 0, 1.0, -0.01, 0.01, 0.01
Map, FZ_T02_road01_DDF, 108.0, 0, -60.0, 0, 0.0, 0, 1.0, -0.01, 0.01, 0.01
Map, FZ_T02_road01_DDG, 228.0, 0, -60.0, 0, 0.0, 0, 1.0, -0.01, 0.01, 0.01
Map, FZ_T02_road01_EEF, 156.0, 0, -36.0, 0, 0.0, 0, 1.0, -0.01, 0.01, 0.01
Map, FZ_T02_road01_AAP, -156.0, 0, 84.0, 0, 0.0, 0, 1.0, -0.01, 0.01, 0.01
Map, FZ_T02_road01_AAP, -180.0, 0, 84.0, 0, 0.0, 0, 1.0, -0.01, 0.01, 0.01
Map, FZ_T02_road01_AAP, -180.0, 0, -108.0, 0, 0.7071067811865476, 0, 0.7071067811865476, -0.01, 0.01, 0.01
Map, FZ_T02_road01_AAP, -180.0, 0, -132.0, 0, 0.7071067811865476, 0, 0.7071067811865476, -0.01, 0.01, 0.01
Map, FZ_T02_road01_AAP, -204.0, 0, 84.0, 0, 0.0, 0, 1.0, -0.01, 0.01, 0.01
Map, FZ_T02_road01_AAP, -204.0, 0, -108.0, 0, 0.7071067811865476, 0, 0.7071067811865476, -0.01, 0.01, 0.01
Map, FZ_T02_road01_AAP, -204.0, 0, -132.0, 0, 0.7071067811865476, 0, 0.7071067811865476, -0.01, 0.01, 0.01
Map, FZ_T02_road01_AAP, -204.0, 0, -156.0, 0, 0.7071067811865476, 0, 0.7071067811865476, -0.01, 0.01, 0.01
Map, FZ_T02_road01_AAP, -180.0, 0, -156.0, 0, 0.7071067811865476, 0, 0.7071067811865476, -0.01, 0.01, 0.01
Map, FZ_T02_road01_AAP, -180.0, 0, -204.0, 0, 0.7071067811865476, 0, 0.7071067811865476, -0.01, 0.01, 0.01
Map, FZ_T02_road01_AAP, -204.0, 0, -204.0, 0, 0.7071067811865476, 0, 0.7071067811865476, -0.01, 0.01, 0.01
Map, FZ_T02_road01_AAP, -228.0, 0, 84.0, 0, 0.0, 0, 1.0, -0.01, 0.01, 0.01
Map, FZ_T02_road01_AAP, -228.0, 0, -108.0, 0, 0.7071067811865476, 0, 0.7071067811865476, -0.01, 0.01, 0.01
Map, FZ_T02_road01_AAP, -228.0, 0, -132.0, 0, 0.7071067811865476, 0, 0.7071067811865476, -0.01, 0.01, 0.01
Map, FZ_T02_road01_AAP, -228.0, 0, -156.0, 0, 0.7071067811865476, 0, 0.7071067811865476, -0.01, 0.01, 0.01
Map, FZ_T02_road01_AAP, -228.0, 0, -204.0, 0, 0.7071067811865476, 0, 0.7071067811865476, -0.01, 0.01, 0.01
Map, FZ_T02_road01_CCG, 84.0, 0, -132.0, 0, 0.0, 0, 1.0, -0.01, 0.01, 0.01
Map, FZ_T02_road01_GGF, -108.0, 0, -108.0, 0, 0.0, 0, 1.0, -0.01, 0.01, 0.01
Map, FZ_T02_road01_GGF, -108.0, 0, -204.0, 0, 0.0, 0, 1.0, -0.01, 0.01, 0.01
Map, FZ_T02_road01_GGF, -108.0, 0, -156.0, 0, 0.0, 0, 1.0, -0.01, 0.01, 0.01
Map, FZ_T02_road01_GGG, -12.0, 0, -132.0, 0, 0.0, 0, 1.0, -0.01, 0.01, 0.01
Map, FZ_T02_road01_GGG, 12.0, 0, -132.0, 0, 0.0, 0, 1.0, -0.01, 0.01, 0.01
Map, FZ_T02_road01_GGG, 36.0, 0, -132.0, 0, 0.0, 0, 1.0, -0.01, 0.01, 0.01
Map, FZ_T02_road01_GGG, 60.0, 0, -132.0, 0, 0.0, 0, 1.0, -0.01, 0.01, 0.01
Map, FZ_T02_road01_GGB, 84.0, 0, -108.0, 0, 0.0, 0, 1.0, -0.01, 0.01, 0.01
Map, FZ_T02_road01_GGD, 108.0, 0, -108.0, 0, 0.0, 0, 1.0, -0.01, 0.01, 0.01
Map, FZ_T02_road01_CCH, 156.0, 0, -108.0, 0, 0.0, 0, 1.0, -0.01, 0.01, 0.01
Map, FZ_T02_road01_CCH, 180.0, 0, -108.0, 0, 0.0, 0, 1.0, -0.01, 0.01, 0.01
Map, FZ_T02_road01_CCH, 204.0, 0, -108.0, 0, 0.0, 0, 1.0, -0.01, 0.01, 0.01
Map, FZ_T02_road01_CCH, 228.0, 0, -108.0, 0, 0.0, 0, 1.0, -0.01, 0.01, 0.01
Map, FZ_T02_road01_CCH, 252.0, 0, -108.0, 0, 0.0, 0, 1.0, -0.01, 0.01, 0.01
Map, FZ_T02_road01_CCH, -12.0, 0, -156.0, 0, 0.0, 0, 1.0, -0.01, 0.01, 0.01
Map, FZ_T02_road01_CCH, 12.0, 0, -156.0, 0, 0.0, 0, 1.0, -0.01, 0.01, 0.01
Map, FZ_T02_road01_CCH, 36.0, 0, -156.0, 0, 0.0, 0, 1.0, -0.01, 0.01, 0.01
Map, FZ_T02_road01_CCH, 60.0, 0, -156.0, 0, 0.0, 0, 1.0, -0.01, 0.01, 0.01
Map, FZ_T02_road01_CCH, 84.0, 0, -156.0, 0, 0.0, 0, 1.0, -0.01, 0.01, 0.01
Map, FZ_T02_road01_CCH, 108.0, 0, -156.0, 0, 0.0, 0, 1.0, -0.01, 0.01, 0.01
Map, FZ_T02_road01_CCH, 156.0, 0, -156.0, 0, 0.0, 0, 1.0, -0.01, 0.01, 0.01
Map, FZ_T02_road01_CCH, 180.0, 0, -156.0, 0, 0.0, 0, 1.0, -0.01, 0.01, 0.01
Map, FZ_T02_road01_CCH, 204.0, 0, -156.0, 0, 0.0, 0, 1.0, -0.01, 0.01, 0.01
Map, FZ_T02_road01_CCH, 228.0, 0, -156.0, 0, 0.0, 0, 1.0, -0.01, 0.01, 0.01
Map, FZ_T02_road01_CCH, 252.0, 0, -156.0, 0, 0.0, 0, 1.0, -0.01, 0.01, 0.01
Map, FZ_T02_road01_CCH, 276.0, 0, -156.0, 0, 0.0, 0, 1.0, -0.01, 0.01, 0.01
Map, FZ_T02_road01_CCH, 300.0, 0, -156.0, 0, 0.0, 0, 1.0, -0.01, 0.01, 0.01
Map, FZ_T02_road01_CCH, 324.0, 0, -156.0, 0, 0.0, 0, 1.0, -0.01, 0.01, 0.01
Map, FZ_T02_road01_CCH, 132.0, 0, -156.0, 0, 0.0, 0, 1.0, -0.01, 0.01, 0.01
Map, FZ_T02_road01_CCH, -36.0, 0, -156.0, 0, 0.0, 0, 1.0, -0.01, 0.01, 0.01
Map, FZ_T02_road01_CCH, -36.0, 0, -204.0, 0, 0.0, 0, 1.0, -0.01, 0.01, 0.01
Map, FZ_T02_road01_CCH, -60.0, 0, -156.0, 0, 0.0, 0, 1.0, -0.01, 0.01, 0.01
Map, FZ_T02_road01_CCH, -60.0, 0, -180.0, 0, 0.0, 0, 1.0, -0.01, 0.01, 0.01
Map, FZ_T02_road01_CCH, -60.0, 0, -204.0, 0, 0.0, 0, 1.0, -0.01, 0.01, 0.01
Map, FZ_T02_road01_GGA, 156.0, 0, -132.0, 0, 0.0, 0, 1.0, -0.01, 0.01, 0.01
Map, FZ_T02_road01_GGA, 180.0, 0, -132.0, 0, 0.0, 0, 1.0, -0.01, 0.01, 0.01
Map, FZ_T02_road01_GGA, 204.0, 0, -132.0, 0, 0.0, 0, 1.0, -0.01, 0.01, 0.01
Map, FZ_T02_road01_GGA, 228.0, 0, -132.0, 0, 0.0, 0, 1.0, -0.01, 0.01, 0.01
Map, FZ_T02_road01_GGA, 252.0, 0, -132.0, 0, 0.0, 0, 1.0, -0.01, 0.01, 0.01
Map, FZ_T02_road01_GGA, 276.0, 0, 132.0, 0, 0.7071067811865476, 0, -0.7071067811865475, -0.01, 0.01, 0.01
Map, FZ_T02_road01_GGA, 276.0, 0, 108.0, 0, 0.7071067811865476, 0, -0.7071067811865475, -0.01, 0.01, 0.01
Map, FZ_T02_road01_GGA, 276.0, 0, 84.0, 0, 0.7071067811865476, 0, -0.7071067811865475, -0.01, 0.01, 0.01
Map, FZ_T02_road01_GGA, 276.0, 0, 60.0, 0, 0.7071067811865476, 0, -0.7071067811865475, -0.01, 0.01, 0.01
Map, FZ_T02_road01_GGA, 276.0, 0, 36.0, 0, 0.7071067811865476, 0, -0.7071067811865475, -0.01, 0.01, 0.01
Map, FZ_T02_road01_GGA, 276.0, 0, 12.0, 0, 0.7071067811865476, 0, -0.7071067811865475, -0.01, 0.01, 0.01
Map, FZ_T02_road01_GGA, 276.0, 0, -12.0, 0, 0.7071067811865476, 0, -0.7071067811865475, -0.01, 0.01, 0.01
Map, FZ_T02_road01_GGA, 276.0, 0, -84.0, 0, 0.7071067811865476, 0, -0.7071067811865475, -0.01, 0.01, 0.01
Map, FZ_T02_road01_GGA, 276.0, 0, -108.0, 0, 0.7071067811865476, 0, -0.7071067811865475, -0.01, 0.01, 0.01
Map, FZ_T02_road01_GGA, 276.0, 0, -132.0, 0, 0.0, 0, 1.0, -0.01, 0.01, 0.01
Map, FZ_T02_road01_GGA, 276.0, 0, 156.0, 0, 0.7071067811865476, 0, -0.7071067811865475, -0.01, 0.01, 0.01
Map, FZ_T02_road01_GGA, 276.0, 0, 180.0, 0, 0.7071067811865476, 0, -0.7071067811865475, -0.01, 0.01, 0.01
Map, FZ_T02_road01_GGA, 276.0, 0, 204.0, 0, 0.7071067811865476, 0, -0.7071067811865475, -0.01, 0.01, 0.01
Map, FZ_T02_road01_GGA, 276.0, 0, 228.0, 0, 0.7071067811865476, 0, -0.7071067811865475, -0.01, 0.01, 0.01
Map, FZ_T02_road01_AAG, -60.0, 0, -12.0, 0, 0.0, 0, 1.0, -0.01, 0.01, 0.01
Map, FZ_T02_road01_AAH, -60.0, 0, -60.0, 0, 0.0, 0, 1.0, -0.01, 0.01, 0.01
Map, FZ_T02_road01_AAH, -84.0, 0, -60.0, 0, 0.0, 0, 1.0, -0.01, 0.01, 0.01
Map, FZ_T02_road01_AAJ, -108.0, 0, 84.0, 0, 0.0, 0, 1.0, -0.01, 0.01, 0.01
Map, FZ_T02_road01_AAK, -108.0, 0, 36.0, 0, 0.0, 0, 1.0, -0.01, 0.01, 0.01
Map, FZ_T02_road01_AAL, -108.0, 0, -12.0, 0, 0.0, 0, 1.0, -0.01, 0.01, 0.01
Map, FZ_T02_road01_AAM, -108.0, 0, -84.0, 0, 0.0, 0, 1.0, -0.01, 0.01, 0.01
Map, FZ_T02_road01_AAN, -132.0, 0, 84.0, 0, 0.0, 0, 1.0, -0.01, 0.01, 0.01
Map, FZ_T02_road01_AAW, -132.0, 0, 36.0, 0, 0.0, 0, 1.0, -0.01, 0.01, 0.01
Map, FZ_T02_road01_AAW, -132.0, 0, -12.0, 0, 0.0, 0, 1.0, -0.01, 0.01, 0.01
Map, FZ_T02_road01_AAW, -132.0, 0, -60.0, 0, 0.0, 0, 1.0, -0.01, 0.01, 0.01
Map, FZ_T02_road01_AAW, -132.0, 0, -84.0, 0, 0.0, 0, 1.0, -0.01, 0.01, 0.01
Map, FZ_T02_road01_BBF, -108.0, 0, 60.0, 0, 0.0, 0, 1.0, -0.01, 0.01, 0.01
Map, FZ_T02_road01_BBF, -108.0, 0, 12.0, 0, 0.0, 0, 1.0, -0.01, 0.01, 0.01
Map, FZ_T02_road01_BBH, -108.0, 0, -60.0, 0, 0.0, 0, 1.0, -0.01, 0.01, 0.01
Map, FZ_T02_road01_BBI, -132.0, 0, 12.0, 0, 0.0, 0, 1.0, -0.01, 0.01, 0.01
Map, FZ_T02_road01_BBI, -132.0, 0, -36.0, 0, 0.0, 0, 1.0, -0.01, 0.01, 0.01
Map, FZ_T02_road01_BBI, -132.0, 0, 60.0, 0, 0.7071067811865476, 0, 0.7071067811865476, -0.01, 0.01, 0.01
Map, FZ_T02_road01_GGC, 276.0, 0, -36.0, 0, 0.0, 0, 1.0, -0.01, 0.01, 0.01
Map, FZ_T02_road01_DDA, -156.0, 0, -108.0, 0, 0.0, 0, 1.0, -0.01, 0.01, 0.01
Map, FZ_T02_road01_DDA, -156.0, 0, -156.0, 0, 0.0, 0, 1.0, -0.01, 0.01, 0.01
Map, FZ_T02_road01_DDA, -156.0, 0, -204.0, 0, 0.0, 0, 1.0, -0.01, 0.01, 0.01
Map, FZ_T02_road01_FFA, 252.0, 0, 84.0, 0, 0.0, 0, 1.0, -0.01, 0.01, 0.01
Map, FZ_T02_road01_FFA, 252.0, 0, 36.0, 0, 0.0, 0, 1.0, -0.01, 0.01, 0.01
Map, FZ_T02_road01_FFA, 252.0, 0, -12.0, 0, 0.0, 0, 1.0, -0.01, 0.01, 0.01
Map, FZ_T02_road01_FFA, 252.0, 0, 180.0, 0, 0.0, 0, 1.0, -0.01, 0.01, 0.01
Map, FZ_T02_road01_FFA, 252.0, 0, 132.0, 0, 0.0, 0, 1.0, -0.01, 0.01, 0.01
Map, FZ_T02_road01_FFA, 252.0, 0, 228.0, 0, 0.0, 0, 1.0, -0.01, 0.01, 0.01
Map, FZ_T02_road01_FFB, 252.0, 0, 108.0, 0, 0.0, 0, 1.0, -0.01, 0.01, 0.01
Map, FZ_T02_road01_FFC, 252.0, 0, -36.0, 0, 0.0, 0, 1.0, -0.01, 0.01, 0.01
Map, FZ_T02_road01_AAX, -84.0, 0, 84.0, 0, 0.0, 0, 1.0, -0.01, 0.01, 0.01
Map, FZ_T02_road01_AAY, -84.0, 0, 60.0, 0, 0.0, 0, 1.0, -0.01, 0.01, 0.01
Map, FZ_T02_road01_BBJ, -84.0, 0, 36.0, 0, 0.0, 0, 1.0, -0.01, 0.01, 0.01
Map, FZ_T02_road01_AAZ, -84.0, 0, 12.0, 0, 0.0, 0, 1.0, -0.01, 0.01, 0.01
Map, FZ_T02_road01_ABB, -84.0, 0, -12.0, 0, 0.0, 0, 1.0, -0.01, 0.01, 0.01
Map, FZ_T02_road01_BBK, -108.0, 0, -36.0, 0, 0.0, 0, 1.0, -0.01, 0.01, 0.01
Map, FZ_T02_road01_FFD, 252.0, 0, 12.0, 0, 0.0, 0, 1.0, -0.01, 0.01, 0.01
Map, FZ_T02_road01_FFD, 252.0, 0, 60.0, 0, 0.0, 0, 1.0, -0.01, 0.01, 0.01
Map, FZ_T02_road01_FFD, 252.0, 0, 156.0, 0, 0.0, 0, 1.0, -0.01, 0.01, 0.01
Map, FZ_T02_road01_FFD, 252.0, 0, 204.0, 0, 0.0, 0, 1.0, -0.01, 0.01, 0.01
Map, FZ_T02_road01_ABA, -12.0, 0, 84.0, 0, 1.0, 0, 6.123233995736766e-17, -0.01, 0.01, 0.01
Map, FZ_T02_road01_AAU, 132.0, 0, 108.0, 0, 0.0, 0, 1.0, -0.01, 0.01, 0.01
Map, FZ_T02_road01_CCE, 228.0, 0, 180.0, 0, 0.0, 0, 1.0, -0.01, 0.01, 0.01
Map, FZ_T02_road01_CCE, 228.0, 0, 156.0, 0, 0.0, 0, 1.0, -0.01, 0.01, 0.01
Map, FZ_T02_road01_CCE, 228.0, 0, 132.0, 0, 0.0, 0, 1.0, -0.01, 0.01, 0.01
Map, FZ_T02_road01_CCE, 228.0, 0, 204.0, 0, 0.0, 0, 1.0, -0.01, 0.01, 0.01
Map, FZ_T02_road01_CCE, 228.0, 0, 228.0, 0, 0.0, 0, 1.0, -0.01, 0.01, 0.01
Object, OZ_20_ks_pole02A, 248.55900000000003, -0.161149, 21.3061, 0.0, 0.0, 0.0, 1.0, -0.01, 0.01, 0.01
Object, OZ_20_ks_pole02A, 248.55900000000003, -0.104507, 25.9483, 0.0, 0.0, 0.0, 1.0, -0.01, 0.01, 0.01
Object, OZ_26_se_guardrail01A, -32.1676, -1.14441e-07, -3.16926, 0.0, -0.707107, 0.0, 0.707107, -0.01, 0.01, 0.01
Object, OZ_26_se_guardrail01A, -32.2242, -1.14441e-07, 11.6668, 0.0, -0.707107, 0.0, 0.707107, -0.01, 0.01, 0.01
Object, OZ_26_se_guardrail01A, -32.0812, -1.14441e-07, 27.0727, 0.0, -0.707107, 0.0, 0.707107, -0.01, 0.01, 0.01
Object, OZ_00_nk_tree02A, 201.331, 0.0, 117.754, 0.0, 0.953717, 0.0, -0.300706, -0.01, 0.01, 0.01
Object, OZ_00_nk_tree02A, 220.445, 0.0, 117.587, 0.0, -0.5373, 0.0, 0.843391, -0.01, 0.01, 0.01
Object, OZ_00_nk_tree02A, 162.499, 0.0, 118.236, 0.0, 0.422618, 0.0, 0.906308, -0.01, 0.01, 0.01
Object, OZ_00_nk_tree02A, 141.524, 0.0, 115.994, 0.0, -0.461749, 0.0, 0.887011, -0.01, 0.01, 0.01
Object, OZ_22_ma_Upole01B, -40.3804, 0.0, 39.2104, 0.0, 0.0, 0.0, 1.0, -0.01, 0.01, 0.01
Object, OZ_00_nk_tree02A, 103.48100000000001, 0.0, 116.643, 0.0, 0.173647, 0.0, 0.984808, -0.01, 0.01, 0.01
Object, OZ_00_nk_tree02A, 249.5, 0.0, -5.84967, 0.0, 0.130526, 0.0, 0.991445, -0.01, 0.01, 0.01
Object, OZ_00_nk_tree02A, 250.1, 0.0, 13.4425, 0.0, -0.819152, 0.0, 0.573577, -0.01, 0.01, 0.01
Object, OZ_00_nk_tree02A, 250.30900000000003, 0.0, 30.2335, 0.0, -0.5, 0.0, 0.866025, -0.01, 0.01, 0.01
Object, OZ_00_nk_tree02A, 250.1, 0.0, 50.5537, 0.0, -0.461749, 0.0, 0.887011, -0.01, 0.01, 0.01
Object, OZ_20_ks_board01A, 0.201609, 0.0, 29.204800000000002, 0.0, -0.707107, 0.0, 0.707107, -0.007799970000000001, 0.006445650000000001, 0.007799970000000001
Object, OZ_25_ks_light01A, -40.3256, 0.0, 3.1446300000000003, 0.0, -0.707107, 0.0, 0.707107, -0.01, 0.01, 0.01
Object, OZ_00_nk_tree02A, 122.16700000000002, 0.0, 116.719, 0.0, 0.537299, 0.0, 0.843392, -0.01, 0.01, 0.01
Object, OZ_00_nk_tree02A, 249.123, -0.320249, -32.357600000000005, 0.0, 0.92388, 0.0, -0.382683, -0.01, 0.01, 0.01
Object, OZ_00_nk_tree02A, 258.031, -0.320249, -37.997600000000006, 0.0, 0.92388, 0.0, -0.382683, -0.01, 0.01, 0.01
Object, OZ_00_nk_tree02A, 250.1, 0.0, 80.0109, 0.0, -0.461749, 0.0, 0.887011, -0.01, 0.01, 0.01
Object, OZ_00_nk_tree02A, 250.1, 0.0, 97.912, 0.0, -0.707107, 0.0, 0.707107, -0.01, 0.01, 0.01
Object, OZ_00_nk_tree02A, 257.598, 0.0, 110.95700000000001, 0.0, -0.573577, 0.0, 0.819152, -0.01, 0.01, 0.01
Object, OZ_80_hi_home04A, -9.0, -0.00801743, 104.0, 0.0, 0.0, 0.0, 1.0, -0.01, 0.01, 0.01
Object, OZ_80_hi_home04A, -20.0, 0.0, 24.0, 0.0, -0.707107, 0.0, 0.707107, -0.01, 0.01, 0.01
Object, OZ_10_se_home01A, -90.0, 0.0, 104.0, 0.0, 0.0, 0.0, 1.0, -0.01, 0.01, 0.01
Object, OZ_80_hk_home01A, -12.0, 0.0, 52.0, 0.0, -0.707107, 0.0, 0.707107, -0.01, 0.01, 0.01
Object, OZ_80_hk_home01A, -12.0, 0.0, -28.0, 0.0, -0.707107, 0.0, 0.707107, -0.01, 0.01, 0.01
Object, OZ_10_se_home01A, 275.879, 3.99448, 67.8951, 0.0, 0.707107, 0.0, 0.707107, -0.01, 0.01, 0.01
Object, OZ_80_hk_home02A, -12.0, 0.0, 76.0, 0.0, -0.707107, 0.0, 0.707107, -0.01, 0.01, 0.01
Object, OZ_80_hk_home02A, -29.0, 0.0114158, 104.0, 0.0, 0.0, 0.0, 1.0, -0.01, 0.01, 0.01
Object, OZ_10_se_home03A, 275.84900000000005, 4.0, 99.8951, 0.0, 0.707106, 0.0, 0.707107, -0.01, 0.01, 0.01
Object, OZ_10_se_home03A, -63.865100000000005, 0.0, 47.67770000000001, 0.0, -0.707107, 0.0, 0.707107, -0.01, 0.01, 0.01
Object, OZ_10_se_home03A, 275.84900000000005, 4.0, -11.8954, 0.0, 0.707106, 0.0, 0.707107, -0.01, 0.01, 0.01
Object, OZ_10_se_home03A, 275.875, 4.05, 52.115100000000005, 0.0, 0.707106, 0.0, 0.707107, -0.01, 0.01, 0.01
Object, OZ_00_nk_tree02A, -59.4792, -0.00801727, 105.353, 0.0, 0.965926, 0.0, 0.25882, -0.01, 0.01, 0.01
Object, OZ_00_nk_tree02A, 1.69902, 0.0, 125.309, 0.0, 0.906307, 0.0, 0.422619, -0.01, 0.01, 0.01
Object, OZ_00_nk_Dtree01A, 286.35900000000004, 3.83065, -32.1544, 0.0, 0.0, 0.0, 1.0, -0.01, 0.01, 0.01
Object, OZ_00_nk_Dtree01A, 291.026, 3.83065, -36.9542, 0.0, 0.0, 0.0, 1.0, -0.01, 0.01, 0.01
Object, OZ_00_nk_Dtree01A, 293.543, 3.83065, -32.1355, 0.0, 0.0, 0.0, 1.0, -0.01, 0.01, 0.01
Object, OZ_00_nk_tree02A, -43.873400000000004, -0.12249499999999999, -4.55106, 0.0, 0.0, 0.0, 1.0, -0.01, 0.01, 0.01
Object, OZ_00_nk_tree02A, -43.873400000000004, -0.12249499999999999, 10.991900000000001, 0.0, 0.34202, 0.0, 0.939693, -0.01, 0.01, 0.01
Object, OZ_00_nk_tree02A, -43.873400000000004, -0.12249499999999999, 25.611500000000003, 0.0, -0.573577, 0.0, 0.819152, -0.01, 0.01, 0.01
Object, OZ_00_nk_tree02A, -43.2004, -0.12249499999999999, 46.309, 0.0, -0.21644, 0.0, 0.976296, -0.01, 0.01, 0.01
Object, OZ_00_nk_tree02A, -43.873400000000004, -0.12249499999999999, 63.097500000000004, 0.0, -0.5373, 0.0, 0.843391, -0.01, 0.01, 0.01
Object, OZ_00_nk_tree02A, -43.873400000000004, -0.12249499999999999, 79.0955, 0.0, -0.819152, 0.0, 0.573576, -0.01, 0.01, 0.01
Object, OZ_25_ks_light01A, -40.3256, 0.0, 19.986900000000002, 0.0, -0.707107, 0.0, 0.707107, -0.01, 0.01, 0.01
Object, OZ_25_ks_light01A, -39.7204, 0.0, 51.3846, 0.0, -0.707107, 0.0, 0.707107, -0.01, 0.01, 0.01
Object, OZ_25_ks_light01A, -39.6775, 0.0, 76.879, 0.0, -0.707107, 0.0, 0.707107, -0.01, 0.01, 0.01
Object, OZ_00_nk_Dtree01A, 288.853, 3.3951100000000003, 69.25359999999999, 0.0, 0.999048, 0.0, -0.0436195, -0.01, 0.01, 0.01
Object, OZ_00_nk_Dtree01A, 291.90500000000003, 3.3951100000000003, 72.2685, 0.0, 0.887011, 0.0, -0.461749, -0.01, 0.01, 0.01
Object, OZ_00_nk_Dtree01A, 288.853, 3.3951100000000003, 77.2071, 0.0, 0.999048, 0.0, -0.0436195, -0.01, 0.01, 0.01
Object, OZ_00_nk_Dtree01A, 291.90500000000003, 3.3951100000000003, 64.315, 0.0, 0.887011, 0.0, -0.461749, -0.01, 0.01, 0.01
Object, OZ_00_nk_Dtree01A, 288.084, 3.3951100000000003, 59.3168, 0.0, 0.984808, 0.0, -0.173648, -0.01, 0.01, 0.01
Object, OZ_00_nk_Dtree01A, 291.90500000000003, 3.3951100000000003, 54.8051, 0.0, 0.991445, 0.0, -0.130526, -0.01, 0.01, 0.01
Object, OZ_00_nk_Dtree01A, 293.824, 3.3951100000000003, 50.1968, 0.0, -0.707107, 0.0, 0.707107, -0.01, 0.01, 0.01
Object, OZ_00_nk_Dtree01A, 288.53000000000003, 3.3951100000000003, 47.8108, 0.0, 0.819152, 0.0, 0.573576, -0.01, 0.01, 0.01
Object, OZ_00_nk_Dtree01A, 288.53000000000003, 3.3951100000000003, 42.6344, 0.0, 0.991445, 0.0, -0.130526, -0.01, 0.01, 0.01
Object, OZ_00_nk_Dtree01A, 291.90500000000003, 3.3951100000000003, 38.326, 0.0, -0.707107, 0.0, 0.707107, -0.01, 0.01, 0.01
Object, OZ_00_nk_Dtree01A, 288.986, 3.3951100000000003, 35.1531, 0.0, -0.707107, 0.0, 0.707107, -0.01, 0.01, 0.01
Object, OZ_00_nk_Dtree01A, 292.165, 3.3951100000000003, 29.7122, 0.0, -0.707107, 0.0, 0.707107, -0.01, 0.01, 0.01
Object, OZ_00_nk_Dtree01A, 287.98900000000003, 3.3951100000000003, 25.3681, 0.0, -0.707107, 0.0, 0.707107, -0.01, 0.01, 0.01
Object, OZ_00_nk_Dtree01A, 290.672, 3.3951100000000003, 20.541700000000002, 0.0, 0.991445, 0.0, -0.130526, -0.01, 0.01, 0.01
Object, OZ_00_nk_Dtree01A, 288.853, 3.3951100000000003, 15.5355, 0.0, 0.999048, 0.0, -0.0436195, -0.01, 0.01, 0.01
Object, OZ_00_nk_Dtree01A, 291.90500000000003, 3.3951100000000003, 10.596900000000002, 0.0, 0.887011, 0.0, -0.461749, -0.01, 0.01, 0.01
Object, OZ_00_nk_Dtree01A, 288.853, 3.3951100000000003, 7.58192, 0.0, 0.999048, 0.0, -0.0436195, -0.01, 0.01, 0.01
Object, OZ_00_nk_Dtree01A, 291.90500000000003, 3.3951100000000003, 2.64333, 0.0, 0.887011, 0.0, -0.461749, -0.01, 0.01, 0.01
Object, OZ_00_nk_Dtree01A, 288.084, 3.3951100000000003, -2.35488, 0.0, 0.984808, 0.0, -0.173648, -0.01, 0.01, 0.01
Object, OZ_00_nk_Dtree01A, 291.90500000000003, 3.3951100000000003, -6.86656, 0.0, 0.991445, 0.0, -0.130526, -0.01, 0.01, 0.01
Object, OZ_00_nk_Dtree01A, 293.824, 3.3951100000000003, -11.4748, 0.0, -0.707107, 0.0, 0.707107, -0.01, 0.01, 0.01
Object, OZ_00_nk_Dtree01A, 288.53000000000003, 3.3951100000000003, -13.860899999999999, 0.0, 0.819152, 0.0, 0.573576, -0.01, 0.01, 0.01
Object, OZ_00_nk_Dtree01A, 288.53000000000003, 3.3951100000000003, -19.037300000000002, 0.0, 0.991445, 0.0, -0.130526, -0.01, 0.01, 0.01
Object, OZ_00_nk_Dtree01A, 291.90500000000003, 3.3951100000000003, -23.3457, 0.0, -0.707107, 0.0, 0.707107, -0.01, 0.01, 0.01
Object, OZ_00_nk_Dtree01A, 288.986, 3.3951100000000003, -26.5185, 0.0, -0.707107, 0.0, 0.707107, -0.01, 0.01, 0.01
Object, OZ_00_nk_Dtree01A, 288.986, 3.3951100000000003, 140.33700000000002, 0.0, -0.707107, 0.0, 0.707107, -0.01, 0.01, 0.01
Object, OZ_00_nk_Dtree01A, 292.165, 3.3951100000000003, 137.42700000000002, 0.0, -0.707107, 0.0, 0.707107, -0.01, 0.01, 0.01
Object, OZ_00_nk_Dtree01A, 287.98900000000003, 3.3951100000000003, 133.083, 0.0, -0.707107, 0.0, 0.707107, -0.01, 0.01, 0.01
Object, OZ_00_nk_Dtree01A, 286.298, 3.3951100000000003, 128.257, 0.0, 0.991445, 0.0, -0.130526, -0.01, 0.01, 0.01
Object, OZ_00_nk_Dtree01A, 287.0, 3.3951100000000003, 123.25, 0.0, 0.999048, 0.0, -0.0436195, -0.01, 0.01, 0.01
Object, OZ_00_nk_Dtree01A, 291.90500000000003, 3.3951100000000003, 118.31200000000001, 0.0, 0.887011, 0.0, -0.461749, -0.01, 0.01, 0.01
Object, OZ_00_nk_Dtree01A, 288.853, 3.3951100000000003, 115.29700000000001, 0.0, 0.999048, 0.0, -0.0436195, -0.01, 0.01, 0.01
Object, OZ_00_nk_Dtree01A, 291.90500000000003, 3.3951100000000003, 110.35799999999999, 0.0, 0.887011, 0.0, -0.461749, -0.01, 0.01, 0.01
Object, OZ_00_nk_Dtree01A, 288.084, 3.3951100000000003, 105.36, 0.0, 0.984808, 0.0, -0.173648, -0.01, 0.01, 0.01
Object, OZ_00_nk_Dtree01A, 291.90500000000003, 3.3951100000000003, 100.848, 0.0, 0.991445, 0.0, -0.130526, -0.01, 0.01, 0.01
Object, OZ_00_nk_Dtree01A, 293.824, 3.3951100000000003, 96.2401, 0.0, -0.707107, 0.0, 0.707107, -0.01, 0.01, 0.01
Object, OZ_00_nk_Dtree01A, 288.53000000000003, 3.3951100000000003, 93.8541, 0.0, 0.819152, 0.0, 0.573576, -0.01, 0.01, 0.01
Object, OZ_00_nk_Dtree01A, 288.53000000000003, 3.3951100000000003, 88.6777, 0.0, 0.991445, 0.0, -0.130526, -0.01, 0.01, 0.01
Object, OZ_00_nk_Dtree01A, 291.90500000000003, 3.3951100000000003, 84.36930000000001, 0.0, -0.707107, 0.0, 0.707107, -0.01, 0.01, 0.01
Object, OZ_00_nk_Dtree01A, 288.986, 3.3951100000000003, 81.19640000000001, 0.0, -0.707107, 0.0, 0.707107, -0.01, 0.01, 0.01
Object, OZ_02_se_plant02B, 266.288, 4.0, -39.6221, 0.0, 0.0, 0.0, 1.0, -0.01, 0.01, 0.01
Object, OZ_02_se_plant02A, 279.818, 4.0, -39.722100000000005, 0.0, 0.0, 0.0, 1.0, -0.01, 0.01, 0.01
Object, OZ_02_se_plant02A, 273.889, 4.0, -39.722100000000005, 0.0, 0.0, 0.0, 1.0, -0.01, 0.01, 0.01
Object, OZ_02_se_plant02B, 281.023, 4.0, -39.6221, 0.0, 0.0, 0.0, 1.0, -0.01, 0.01, 0.01
Object, OZ_02_ma_plant02A, 276.022, 3.8230399999999998, -39.7592, 0.0, 0.0436194, 0.0, 0.999048, -0.01, 0.01, 0.01
Object, OZ_02_se_plant02B, 272.36, 4.0, -39.6221, 0.0, 0.0, 0.0, 1.0, -0.01, 0.01, 0.01
Object, OZ_02_ma_plant02A, 268.66, 3.92109, -39.7592, 0.0, 0.0436194, 0.0, 0.999048, -0.01, 0.01, 0.01
Object, OZ_02_ma_plant02A, 265.54900000000004, 3.94701, -37.0599, 0.0, 0.737277, 0.0, 0.67559, -0.01, 0.01, 0.01
Object, OZ_02_se_plant02B, 265.107, 3.95465, -33.5227, 0.0, 0.707107, 0.0, 0.707107, -0.01, 0.01, 0.01
Object, OZ_02_ma_plant02A, 291.937, 4.0, -39.7592, 0.0, 0.0436194, 0.0, 0.999048, -0.01, 0.01, 0.01
Object, OZ_02_ma_plant02A, 266.16400000000004, 4.0, -20.8958, 0.0, 0.737277, 0.0, 0.67559, -0.01, 0.01, 0.01
Object, OZ_02_ma_plant02A, 266.16400000000004, 4.0, -2.47031, 0.0, 0.737277, 0.0, 0.67559, -0.01, 0.01, 0.01
Object, OZ_02_ma_plant02A, 266.16400000000004, 4.0, -5.48473, 0.0, 0.737277, 0.0, 0.67559, -0.01, 0.01, 0.01
Object, OZ_02_ks_flower01B, -41.7495, -0.012749600000000002, -6.18022, 0.0, 0.866025, 0.0, 0.5, -0.01, 0.01, 0.01
Object, OZ_02_ks_flower01A, -43.1703, 0.0, -5.618390000000001, 0.0, 0.906308, 0.0, 0.422618, -0.01, 0.01, 0.01
Object, OZ_02_ma_plant02B, -40.4935, -0.0401219, -4.77205, 0.0, 0.707107, 0.0, 0.707107, -0.01, 0.01, 0.01
Object, OZ_02_ma_plant02B, -30.814899999999998, -0.0401219, 29.249899999999997, 0.0, 0.707107, 0.0, 0.707107, -0.01, 0.01, 0.01
Object, OZ_02_ma_plant02B, -43.0091, -0.0401219, 53.989399999999996, 0.0, 0.707107, 0.0, 0.707107, -0.01, 0.01, 0.01
Object, OZ_02_ma_plant02B, -43.2086, 0.0, 70.8197, 0.0, 0.707107, 0.0, 0.707107, -0.01, 0.01, 0.01
Object, OZ_02_ma_plant02B, -44.09310000000001, -0.0401219, 42.171899999999994, 0.0, 0.707107, 0.0, 0.707107, -0.01, 0.01, 0.01
Object, OZ_02_ma_plant02A, -43.5749, 0.0, 22.4387, 0.0, 0.707107, 0.0, 0.707107, -0.01, 0.01, 0.01
Object, OZ_02_ma_plant02A, -40.3566, 0.0, 6.64062, 0.0, 0.707107, 0.0, 0.707107, -0.01, 0.01, 0.01
Object, OZ_02_ks_flower01A, -41.2513, 0.0, -5.4642, 0.0, 0.866025, 0.0, 0.5, -0.01, 0.01, 0.01
Object, OZ_26_se_guardrail01A, -39.7359, -1.14441e-07, -2.9505700000000004, 0.0, -0.707107, 0.0, 0.707107, -0.01, 0.01, 0.01
Object, OZ_26_se_guardrail01A, -39.7359, -1.14441e-07, 11.761700000000001, 0.0, -0.707107, 0.0, 0.707107, -0.01, 0.01, 0.01
Object, OZ_26_se_guardrail01A, -39.7359, -1.14441e-07, 26.742600000000003, 0.0, -0.707107, 0.0, 0.707107, -0.01, 0.01, 0.01
Object, OZ_26_se_guardrail01A, -39.6368, -1.14441e-07, 45.14600000000001, 0.0, -0.707107, 0.0, 0.707107, -0.01, 0.01, 0.01
Object, OZ_26_se_guardrail01A, -39.6383, -1.14441e-07, 57.2141, 0.0, -0.707107, 0.0, 0.707107, -0.01, 0.01, 0.01
Object, OZ_26_se_guardrail01A, -39.6383, -1.14441e-07, 83.45040000000002, 0.0, -0.707107, 0.0, 0.707107, -0.01, 0.01, 0.01
Object, OZ_26_se_guardrail01A, -48.3319, -1.14441e-07, 83.45040000000002, 0.0, 0.707107, 0.0, 0.707107, -0.01, 0.01, 0.01
Object, OZ_26_se_guardrail01A, -48.3319, -1.14441e-07, 57.2905, 0.0, 0.707107, 0.0, 0.707107, -0.01, 0.01, 0.01
Object, OZ_26_se_guardrail01A, -48.3319, -1.14441e-07, 45.396300000000004, 0.0, 0.707107, 0.0, 0.707107, -0.01, 0.01, 0.01
Object, OZ_02_ma_plant02B, -43.716, -0.0401219, 81.86800000000001, 0.0, 0.707107, 0.0, 0.707107, -0.01, 0.01, 0.01
Object, OZ_02_ma_plant02B, -43.4487, -0.0401219, 85.7705, 0.0, 0.707107, 0.0, 0.707107, -0.01, 0.01, 0.01
Object, OZ_02_ma_plant02A, -43.5749, 0.0, 27.635, 0.0, 0.707107, 0.0, 0.707107, -0.01, 0.01, 0.01
Object, OZ_02_ma_plant02B, -40.8115, -0.0401219, 10.862, 0.0, 0.707107, 0.0, 0.707107, -0.01, 0.01, 0.01
Object, OZ_02_ma_plant02B, -47.023500000000006, -0.0401219, 25.1446, 0.0, 0.707107, 0.0, 0.707107, -0.01, 0.01, 0.01
Object, OZ_02_ma_plant02A, -30.6456, 0.0, 25.3536, 0.0, 0.707107, 0.0, 0.707107, -0.01, 0.01, 0.01
Object, OZ_02_ma_plant02B, -46.5671, -0.0401219, 13.3698, 0.0, 0.707107, 0.0, 0.707107, -0.01, 0.01, 0.01
Object, OZ_02_ma_plant02B, -46.669, -0.0401219, 7.164700000000001, 0.0, 0.707107, 0.0, 0.707107, -0.01, 0.01, 0.01
Object, OZ_02_ma_plant02A, -46.8417, 0.0, -0.0894293, 0.0, 0.707107, 0.0, 0.707107, -0.01, 0.01, 0.01
Object, OZ_02_ma_plant02A, -47.119, 0.0, -4.5632, 0.0, 0.707107, 0.0, 0.707107, -0.01, 0.01, 0.01
Object, OZ_02_ma_plant02B, -57.756099999999996, -0.0401219, 98.4322, 0.0, 0.707107, 0.0, 0.707107, -0.01, 0.01, 0.01
Object, OZ_26_se_guardrail01A, -5.58582, -1.14441e-07, 39.769, 0.0, 3.01992e-07, 0.0, 1.0, -0.01, 0.01, 0.01
Object, OZ_02_ma_plant02B, -40.4935, -0.0401219, 0.5962930000000001, 0.0, 0.707107, 0.0, 0.707107, -0.01, 0.01, 0.01
Object, OZ_26_se_guardrail01A, -82.0983, -1.14441e-07, 39.8237, 0.0, 1.0, 0.0, 3.37766e-07, -0.01, 0.01, 0.01
Object, OZ_02_ma_plant02A, -41.203199999999995, 0.0, 15.0923, 0.0, 0.707107, 0.0, 0.707107, -0.01, 0.01, 0.01
Object, OZ_26_se_guardrail01A, -60.6531, -1.14441e-07, 39.7233, 0.0, 3.01992e-07, 0.0, 1.0, -0.01, 0.01, 0.01
Object, OZ_26_se_guardrail01A, -48.3319, -1.14441e-07, 70.4686, 0.0, 0.707107, 0.0, 0.707107, -0.01, 0.01, 0.01
Object, OZ_26_se_guardrail01A, -39.6383, -1.14441e-07, 70.3922, 0.0, -0.707107, 0.0, 0.707107, -0.01, 0.01, 0.01
Object, OZ_26_se_guardrail01A, -62.4208, -1.14441e-07, 95.8133, 0.0, 1.0, 0.0, 0.0, -0.01, 0.01, 0.01
Object, OZ_02_ma_plant02A, -43.754200000000004, 0.0, 49.195299999999996, 0.0, 0.707107, 0.0, 0.707107, -0.01, 0.01, 0.01
Object, OZ_02_ma_plant02B, -43.175200000000004, -0.0401219, 59.60020000000001, 0.0, 0.707107, 0.0, 0.707107, -0.01, 0.01, 0.01
Object, OZ_02_ma_plant02A, -43.9824, 0.0, 67.5942, 0.0, 0.707107, 0.0, 0.707107, -0.01, 0.01, 0.01
Object, OZ_02_ma_plant02A, -2.90229, 0.0, 83.5036, 0.0, 0.707107, 0.0, 0.707107, -0.01, 0.01, 0.01
Object, OZ_02_ma_plant02B, -43.8004, -0.0401219, 74.3603, 0.0, 0.707107, 0.0, 0.707107, -0.01, 0.01, 0.01
Object, OZ_02_ma_plant02B, -43.4709, -0.0401219, 56.665, 0.0, 0.707107, 0.0, 0.707107, -0.01, 0.01, 0.01
Object, OZ_02_ma_plant02A, -2.8847699999999996, 0.0, 43.342299999999994, 0.0, 0.707107, 0.0, 0.707107, -0.01, 0.01, 0.01
Object, OZ_02_ma_plant02B, -2.8980099999999998, -0.0401219, 47.2379, 0.0, 0.707107, 0.0, 0.707107, -0.01, 0.01, 0.01
Object, OZ_25_ks_light01A, -39.6137, 0.0, 63.5471, 0.0, -0.707107, 0.0, 0.707107, -0.01, 0.01, 0.01
Object, OZ_00_nk_tree02A, 257.40500000000003, 0.0, 3.74022, 0.0, -0.461749, 0.0, 0.887011, -0.01, 0.01, 0.01
Object, OZ_00_nk_tree02A, 257.40500000000003, 0.0, -16.898, 0.0, 0.887011, 0.0, -0.461749, -0.01, 0.01, 0.01
Object, OZ_00_nk_tree02A, 257.187, 0.0, 40.0697, 0.0, -0.843391, 0.0, 0.5373, -0.01, 0.01, 0.01
Object, OZ_00_nk_tree02A, 257.187, 0.0, 62.027, 0.0, 1.0, 0.0, 0.0, -0.01, 0.01, 0.01
Object, OZ_00_nk_tree02A, 257.668, 0.0, 88.52, 0.0, -0.843391, 0.0, 0.5373, -0.01, 0.01, 0.01
Object, OZ_00_nk_Dtree01A, 220.471, -0.556362, 166.34900000000002, 0.0, 0.793353, 0.0, 0.608761, -0.01, 0.01, 0.01
Object, OZ_00_nk_Dtree01A, 236.95000000000002, -0.556362, 165.472, 0.0, 1.0, 0.0, 0.0, -0.01, 0.01, 0.01
Object, OZ_00_nk_Dtree01A, 234.838, -0.556362, 145.924, 0.0, 0.793353, 0.0, 0.608761, -0.01, 0.01, 0.01
Object, OZ_00_nk_Dtree01A, 235.044, -0.556362, 155.86, 0.0, 0.173648, 0.0, 0.984808, -0.01, 0.01, 0.01
Object, OZ_00_nk_Dtree01A, 225.079, -0.556362, 165.353, 0.0, 1.0, 0.0, 0.0, -0.01, 0.01, 0.01
Object, OZ_00_nk_Dtree01A, 215.96, -0.556362, 162.528, 0.0, 0.819152, 0.0, 0.573576, -0.01, 0.01, 0.01
Object, OZ_00_nk_Dtree01A, 210.96099999999998, -0.556362, 166.34900000000002, 0.0, 0.953717, 0.0, 0.300706, -0.01, 0.01, 0.01
Object, OZ_00_nk_Dtree01A, 238.426, -0.556362, 150.667, 0.0, 0.737277, 0.0, 0.67559, -0.01, 0.01, 0.01
Object, OZ_00_nk_Dtree01A, 203.008, -0.556362, 165.183, 0.0, 0.953717, 0.0, 0.300706, -0.01, 0.01, 0.01
Object, OZ_00_nk_Dtree01A, 229.549, -0.556362, 163.067, 0.0, 0.737277, 0.0, 0.67559, -0.01, 0.01, 0.01
Object, OZ_00_nk_Dtree01A, 193.063, -0.556362, 165.11599999999999, 0.0, 0.793353, 0.0, 0.608761, -0.01, 0.01, 0.01
Object, OZ_00_nk_Dtree01A, 183.89200000000002, -0.556362, 166.609, 0.0, 1.0, 0.0, 0.0, -0.01, 0.01, 0.01
Object, OZ_00_nk_Dtree01A, 188.23700000000002, -0.556362, 162.433, 0.0, 1.0, 0.0, 0.0, -0.01, 0.01, 0.01
Object, OZ_00_nk_Dtree01A, 178.452, -0.556362, 163.43, 0.0, 1.0, 0.0, 0.0, -0.01, 0.01, 0.01
Object, OZ_00_nk_Dtree01A, 158.773, -0.556362, 167.299, 0.0, 0.793353, 0.0, 0.608761, -0.01, 0.01, 0.01
Object, OZ_00_nk_Dtree01A, 175.253, -0.556362, 166.34900000000002, 0.0, 1.0, 0.0, 0.0, -0.01, 0.01, 0.01
Object, OZ_00_nk_Dtree01A, 170.94400000000002, -0.556362, 162.974, 0.0, 0.793353, 0.0, 0.608761, -0.01, 0.01, 0.01
Object, OZ_00_nk_Dtree01A, 165.768, -0.556362, 160.304, 0.0, 0.173648, 0.0, 0.984808, -0.01, 0.01, 0.01
Object, OZ_00_nk_Dtree01A, 163.382, -0.556362, 166.396, 0.0, 1.0, 0.0, 0.0, -0.01, 0.01, 0.01
Object, OZ_00_nk_Dtree01A, 154.262, -0.556362, 160.989, 0.0, 0.819152, 0.0, 0.573576, -0.01, 0.01, 0.01
Object, OZ_00_nk_Dtree01A, 153.106, -0.556362, 166.34900000000002, 0.0, 0.953717, 0.0, 0.300706, -0.01, 0.01, 0.01
Object, OZ_00_nk_Dtree01A, 145.774, -0.556362, 163.297, 0.0, 0.737277, 0.0, 0.67559, -0.01, 0.01, 0.01
Object, OZ_00_nk_Dtree01A, 141.31, -0.556362, 166.34900000000002, 0.0, 0.953717, 0.0, 0.300706, -0.01, 0.01, 0.01
Object, OZ_00_nk_Dtree01A, 136.371, -0.556362, 163.297, 0.0, 0.737277, 0.0, 0.67559, -0.01, 0.01, 0.01
Object, OZ_00_nk_Dtree01A, 131.365, -0.556362, 165.11599999999999, 0.0, 0.793353, 0.0, 0.608761, -0.01, 0.01, 0.01
Object, OZ_00_nk_Dtree01A, 122.19500000000001, -0.556362, 166.609, 0.0, 1.0, 0.0, 0.0, -0.01, 0.01, 0.01
Object, OZ_00_nk_Dtree01A, 126.539, -0.556362, 160.745, 0.0, 1.0, 0.0, 0.0, -0.01, 0.01, 0.01
Object, OZ_00_nk_Dtree01A, 116.754, -0.556362, 163.43, 0.0, 1.0, 0.0, 0.0, -0.01, 0.01, 0.01
Object, OZ_00_nk_Dtree01A, 7.822150000000001, -0.556362, 164.011, 0.0, 1.0, 0.0, 0.0, -0.01, 0.01, 0.01
Object, OZ_00_nk_Dtree01A, 17.6752, -0.556362, 164.28099999999998, 0.0, 1.0, 0.0, 0.0, -0.01, 0.01, 0.01
Object, OZ_00_nk_Dtree01A, -26.7368, -0.556362, 115.234, 0.0, 1.0, 0.0, 0.0, -0.01, 0.01, 0.01
Object, OZ_00_nk_Dtree01A, 23.405900000000003, -0.556362, 164.753, 0.0, 0.793353, 0.0, 0.608761, -0.01, 0.01, 0.01
Object, OZ_00_nk_Dtree01A, 36.2025, -0.556362, 162.934, 0.0, 0.737277, 0.0, 0.67559, -0.01, 0.01, 0.01
Object, OZ_00_nk_Dtree01A, 32.5272, -0.556362, 169.025, 0.0, 0.953717, 0.0, 0.300706, -0.01, 0.01, 0.01
Object, OZ_00_nk_Dtree01A, 26.6921, -0.556362, 170.01, 0.0, 0.737277, 0.0, 0.67559, -0.01, 0.01, 0.01
Object, OZ_00_nk_Dtree01A, 40.8906, -0.556362, 165.986, 0.0, 0.953717, 0.0, 0.300706, -0.01, 0.01, 0.01
Object, OZ_00_nk_Dtree01A, 59.2619, -0.556362, 170.43900000000002, 0.0, 0.173648, 0.0, 0.984808, -0.01, 0.01, 0.01
Object, OZ_00_nk_Dtree01A, 56.8837, -0.556362, 166.033, 0.0, 1.0, 0.0, 0.0, -0.01, 0.01, 0.01
Object, OZ_00_nk_Dtree01A, 45.002700000000004, -0.556362, 169.437, 0.0, 0.819152, 0.0, 0.573576, -0.01, 0.01, 0.01
Object, OZ_00_nk_Dtree01A, 52.999399999999994, -0.556362, 162.455, 0.0, 0.793353, 0.0, 0.608761, -0.01, 0.01, 0.01
Object, OZ_00_nk_Dtree01A, 70.8088, -0.556362, 173.89200000000002, 0.0, 1.0, 0.0, 0.0, -0.01, 0.01, 0.01
Object, OZ_00_nk_Dtree01A, 71.92399999999999, -0.556362, 164.27700000000002, 0.0, 1.0, 0.0, 0.0, -0.01, 0.01, 0.01
Object, OZ_00_nk_Dtree01A, 64.8065, -0.556362, 163.43, 0.0, 1.0, 0.0, 0.0, -0.01, 0.01, 0.01
Object, OZ_00_nk_Dtree01A, 77.9709, -0.556362, 171.097, 0.0, 0.793353, 0.0, 0.608761, -0.01, 0.01, 0.01
Object, OZ_00_nk_Dtree01A, 89.7102, -0.556362, 164.835, 0.0, 0.737277, 0.0, 0.67559, -0.01, 0.01, 0.01
Object, OZ_00_nk_Dtree01A, 86.6953, -0.556362, 170.33700000000002, 0.0, 0.953717, 0.0, 0.300706, -0.01, 0.01, 0.01
Object, OZ_00_nk_Dtree01A, 81.75670000000001, -0.556362, 165.203, 0.0, 0.737277, 0.0, 0.67559, -0.01, 0.01, 0.01
Object, OZ_00_nk_Dtree01A, 94.6488, -0.556362, 166.34900000000002, 0.0, 0.953717, 0.0, 0.300706, -0.01, 0.01, 0.01
Object, OZ_00_nk_Dtree01A, 107.584, -0.556362, 165.063, 0.0, 0.173648, 0.0, 0.984808, -0.01, 0.01, 0.01
Object, OZ_00_nk_Dtree01A, 112.64200000000001, -0.556362, 170.635, 0.0, 1.0, 0.0, 0.0, -0.01, 0.01, 0.01
Object, OZ_00_nk_Dtree01A, 99.647, -0.556362, 167.287, 0.0, 0.819152, 0.0, 0.573576, -0.01, 0.01, 0.01
Object, OZ_00_nk_Dtree01A, 104.15899999999999, -0.556362, 166.34900000000002, 0.0, 0.793353, 0.0, 0.608761, -0.01, 0.01, 0.01
Object, OZ_00_nk_Dtree01A, 49.312799999999996, -0.556362, 166.033, 0.0, 1.0, 0.0, 0.0, -0.01, 0.01, 0.01
Object, OZ_00_nk_Dtree01A, 267.8, 3.3951100000000003, 221.31900000000002, 0.0, 1.0, 0.0, 0.0, -0.01, 0.01, 0.01
Object, OZ_00_nk_Dtree01A, 272.985, 3.3951100000000003, 220.56799999999998, 0.0, 0.793353, 0.0, 0.608761, -0.01, 0.01, 0.01
Object, OZ_00_nk_Dtree01A, 284.723, 3.3951100000000003, 221.53099999999998, 0.0, 0.953717, 0.0, 0.300706, -0.01, 0.01, 0.01
Object, OZ_00_nk_Dtree01A, 278.526, 3.3951100000000003, 222.157, 0.0, 0.737277, 0.0, 0.67559, -0.01, 0.01, 0.01
Object, OZ_00_nk_Dtree01A, 287.242, 3.3951100000000003, 146.503, 0.0, 0.953717, 0.0, 0.300706, -0.01, 0.01, 0.01
Object, OZ_00_nk_Dtree01A, 232.585, -0.556362, 168.692, 0.0, 1.0, 0.0, 0.0, -0.01, 0.01, 0.01
Object, OZ_00_nk_Dtree01A, 148.17600000000002, -0.556362, 160.989, 0.0, 0.819152, 0.0, 0.573576, -0.01, 0.01, 0.01
Object, OZ_10_se_home01A, 275.896, 3.99207, 115.895, 0.0, 0.707107, 0.0, 0.707107, -0.01, 0.01, 0.01
Object, OZ_22_ma_Upole01D, -55.95270000000001, 0.0, 95.32620000000001, 0.0, 0.0, 0.0, 1.0, -0.01, 0.01, 0.01
Object, OZ_22_ma_Upole01D, -39.6264, 0.0, -16.4572, 0.0, 0.0, 0.0, 1.0, -0.01, 0.01, 0.01
Object, OZ_20_ks_bbs01A, -62.664899999999996, 0.0, -7.84209, 0.0, 1.0, 0.0, 0.0, -0.01, 0.01, 0.01
Object, OZ_20_nk_bicycle01A, -3.57486, 0.0, -8.73086, 0.0, -0.707107, 0.0, 0.707107, -0.01, 0.01, 0.01
Object, OZ_20_ks_grail01B, -58.6507, 0.0, -8.19914, 0.0, 1.0, 0.0, 0.0, -0.01, 0.01, 0.01
Object, OZ_00_nk_tree02A, 250.1, 0.0, 135.691, 0.0, 0.92388, 0.0, -0.382683, -0.01, 0.01, 0.01
Object, OZ_00_nk_tree02A, 258.05400000000003, 0.0, 151.811, 0.0, 1.0, 0.0, 0.0, -0.01, 0.01, 0.01
Object, OZ_20_ks_board02A, -40.178200000000004, 0.0, 38.9818, 0.0, -0.422618, 0.0, 0.906308, -0.01, 0.01, 0.01
Object, OZ_22_ma_Upole01D, -57.1912, 0.0, 32.765100000000004, 0.0, 1.0, 0.0, 0.0, -0.01, 0.01, 0.01
Object, OZ_10_se_home01A, 275.888, 4.0, 147.895, 0.0, 0.707107, 0.0, 0.707107, -0.01, 0.01, 0.01
Object, OZ_00_nk_Dtree01A, 13.511400000000002, -0.556362, 167.18099999999998, 0.0, 0.793353, 0.0, 0.608761, -0.01, 0.01, 0.01
Object, OZ_00_nk_Dtree01A, -37.3694, -0.556362, 114.337, 0.0, 1.0, 0.0, 0.0, -0.01, 0.01, 0.01
Object, OZ_00_nk_Dtree01A, -32.615100000000005, -0.556362, 116.37299999999999, 0.0, 1.0, 0.0, 0.0, -0.01, 0.01, 0.01
Object, OZ_00_nk_tree02A, -19.0685, 0.0, 96.89059999999999, 0.0, 0.613631, 0.0, 0.789593, -0.01, 0.01, 0.01
Object, OZ_00_nk_tree02A, 3.3016300000000003, 0.0, 116.90899999999999, 0.0, 0.998719, 0.0, -0.0505951, -0.01, 0.01, 0.01
Object, OZ_00_nk_Dtree01A, 2.50797, -0.556362, 169.878, 0.0, 1.0, 0.0, 0.0, -0.01, 0.01, 0.01
Object, OZ_00_nk_Dtree01A, -3.29454, -0.556362, 166.62, 0.0, 1.0, 0.0, 0.0, -0.01, 0.01, 0.01
Object, OZ_00_nk_Dtree01A, -41.7593, -0.556362, 115.234, 0.0, 1.0, 0.0, 0.0, -0.01, 0.01, 0.01
Object, OZ_00_nk_Dtree01A, -46.5974, -0.556362, 114.337, 0.0, 1.0, 0.0, 0.0, -0.01, 0.01, 0.01
Object, OZ_00_nk_Dtree01A, -51.953199999999995, -0.556362, 114.337, 0.0, 0.992286, 0.0, -0.123967, -0.01, 0.01, 0.01
Object, OZ_00_nk_Dtree01A, -55.255900000000004, -0.556362, 117.209, 0.0, 1.0, 0.0, 0.0, -0.01, 0.01, 0.01
Object, OZ_00_nk_Dtree01A, -60.9626, -0.556362, 114.337, 0.0, 0.992286, 0.0, -0.123967, -0.01, 0.01, 0.01
Object, OZ_00_nk_Dtree01A, -26.6125, -0.556362, 140.11, 0.0, 1.0, 0.0, 0.0, -0.01, 0.01, 0.01
Object, OZ_00_nk_Dtree01A, -30.425900000000002, -0.556362, 138.43, 0.0, 1.0, 0.0, 0.0, -0.01, 0.01, 0.01
Object, OZ_00_nk_Dtree01A, -35.4758, -0.556362, 138.43, 0.0, 0.992286, 0.0, -0.123967, -0.01, 0.01, 0.01
Object, OZ_00_nk_Dtree01A, -40.6874, -0.556362, 142.409, 0.0, 1.0, 0.0, 0.0, -0.01, 0.01, 0.01
Object, OZ_00_nk_Dtree01A, -45.382299999999994, -0.556362, 138.43, 0.0, 0.992286, 0.0, -0.123967, -0.01, 0.01, 0.01
Object, OZ_00_nk_Dtree01A, -59.7599, -0.556362, 140.562, 0.0, 0.992286, 0.0, -0.123967, -0.01, 0.01, 0.01
Object, OZ_00_nk_Dtree01A, -51.0854, -0.556362, 140.29, 0.0, 0.992286, 0.0, -0.123967, -0.01, 0.01, 0.01
Object, OZ_00_nk_Dtree01A, -55.065, -0.556362, 138.071, 0.0, 1.0, 0.0, 0.0, -0.01, 0.01, 0.01
Object, OZ_26_ks_fence02A, 2.10544, 0.053821100000000004, 111.85000000000001, 0.0, 0.0, 0.0, 1.0, -0.01, 0.01, 0.01
Object, OZ_26_ks_fence02A, 5.986269999999999, 0.053821100000000004, 111.85000000000001, 0.0, 0.0, 0.0, 1.0, -0.01, 0.01, 0.01
Object, OZ_26_ks_fence02A, 101.85600000000001, 0.053821100000000004, 112.73299999999999, 0.0, -0.0871557, 0.0, 0.996195, -0.01, 0.01, 0.01
Object, OZ_26_ks_fence02A, 106.01200000000001, 0.053821100000000004, 113.46100000000001, 0.0, -0.0871557, 0.0, 0.996195, -0.01, 0.01, 0.01
Object, OZ_26_ks_fence02A, 110.094, 0.053821100000000004, 114.139, 0.0, -0.0871557, 0.0, 0.996195, -0.01, 0.01, 0.01
Object, OZ_26_ks_fence02A, 114.0, 0.053821100000000004, 114.818, 0.0, -0.0871557, 0.0, 0.996195, -0.01, 0.01, 0.01
Object, OZ_26_ks_fence02A, 118.031, 0.053821100000000004, 115.447, 0.0, -0.0871557, 0.0, 0.996195, -0.01, 0.01, 0.01
Object, OZ_26_ks_fence02A, 122.06, 0.053821100000000004, 115.787, 0.0, 0.0, 0.0, 1.0, -0.01, 0.01, 0.01
Object, OZ_26_ks_fence02A, 125.956, 0.053821100000000004, 115.787, 0.0, 0.0, 0.0, 1.0, -0.01, 0.01, 0.01
Object, OZ_26_ks_fence02A, 130.061, 0.053821100000000004, 115.787, 0.0, 0.0, 0.0, 1.0, -0.01, 0.01, 0.01
Object, OZ_26_ks_fence02A, 133.959, 0.053821100000000004, 115.787, 0.0, 0.0, 0.0, 1.0, -0.01, 0.01, 0.01
Object, OZ_26_ks_fence02A, 138.066, 0.053821100000000004, 115.787, 0.0, 0.0, 0.0, 1.0, -0.01, 0.01, 0.01
Object, OZ_26_ks_fence02A, 142.099, 0.053821100000000004, 115.787, 0.0, 0.0, 0.0, 1.0, -0.01, 0.01, 0.01
Object, OZ_26_ks_fence02A, 146.028, 0.053821100000000004, 115.787, 0.0, 0.0, 0.0, 1.0, -0.01, 0.01, 0.01
Object, OZ_26_ks_fence02A, 165.907, 0.053821100000000004, 115.787, 0.0, 0.0, 0.0, 1.0, -0.01, 0.01, 0.01
Object, OZ_26_ks_fence02A, 161.978, 0.053821100000000004, 115.787, 0.0, 0.0, 0.0, 1.0, -0.01, 0.01, 0.01
Object, OZ_26_ks_fence02A, 157.945, 0.053821100000000004, 115.787, 0.0, 0.0, 0.0, 1.0, -0.01, 0.01, 0.01
Object, OZ_26_ks_fence02A, 153.838, 0.053821100000000004, 115.787, 0.0, 0.0, 0.0, 1.0, -0.01, 0.01, 0.01
Object, OZ_26_ks_fence02A, 149.94, 0.053821100000000004, 115.787, 0.0, 0.0, 0.0, 1.0, -0.01, 0.01, 0.01
Object, OZ_26_ks_fence02A, 186.083, 0.053821100000000004, 115.787, 0.0, 0.0, 0.0, 1.0, -0.01, 0.01, 0.01
Object, OZ_26_ks_fence02A, 182.153, 0.053821100000000004, 115.787, 0.0, 0.0, 0.0, 1.0, -0.01, 0.01, 0.01
Object, OZ_26_ks_fence02A, 178.12, 0.053821100000000004, 115.787, 0.0, 0.0, 0.0, 1.0, -0.01, 0.01, 0.01
Object, OZ_26_ks_fence02A, 174.013, 0.053821100000000004, 115.787, 0.0, 0.0, 0.0, 1.0, -0.01, 0.01, 0.01
Object, OZ_26_ks_fence02A, 170.115, 0.053821100000000004, 115.787, 0.0, 0.0, 0.0, 1.0, -0.01, 0.01, 0.01
Object, OZ_26_ks_fence02A, 206.06, 0.053821100000000004, 115.787, 0.0, 0.0, 0.0, 1.0, -0.01, 0.01, 0.01
Object, OZ_26_ks_fence02A, 202.13, 0.053821100000000004, 115.787, 0.0, 0.0, 0.0, 1.0, -0.01, 0.01, 0.01
Object, OZ_26_ks_fence02A, 198.097, 0.053821100000000004, 115.787, 0.0, 0.0, 0.0, 1.0, -0.01, 0.01, 0.01
Object, OZ_26_ks_fence02A, 193.99, 0.053821100000000004, 115.787, 0.0, 0.0, 0.0, 1.0, -0.01, 0.01, 0.01
Object, OZ_26_ks_fence02A, 190.092, 0.053821100000000004, 115.787, 0.0, 0.0, 0.0, 1.0, -0.01, 0.01, 0.01
Object, OZ_26_ks_fence02A, 226.104, 0.053821100000000004, 115.787, 0.0, 0.0, 0.0, 1.0, -0.01, 0.01, 0.01
Object, OZ_26_ks_fence02A, 222.174, 0.053821100000000004, 115.787, 0.0, 0.0, 0.0, 1.0, -0.01, 0.01, 0.01
Object, OZ_26_ks_fence02A, 218.141, 0.053821100000000004, 115.787, 0.0, 0.0, 0.0, 1.0, -0.01, 0.01, 0.01
Object, OZ_26_ks_fence02A, 214.03400000000002, 0.053821100000000004, 115.787, 0.0, 0.0, 0.0, 1.0, -0.01, 0.01, 0.01
Object, OZ_26_ks_fence02A, 210.136, 0.053821100000000004, 115.787, 0.0, 0.0, 0.0, 1.0, -0.01, 0.01, 0.01
Object, OZ_26_ks_fence02A, 238.042, 0.053821100000000004, 115.787, 0.0, 0.0, 0.0, 1.0, -0.01, 0.01, 0.01
Object, OZ_26_ks_fence02A, 233.935, 0.053821100000000004, 115.787, 0.0, 0.0, 0.0, 1.0, -0.01, 0.01, 0.01
Object, OZ_26_ks_fence02A, 230.037, 0.053821100000000004, 115.787, 0.0, 0.0, 0.0, 1.0, -0.01, 0.01, 0.01
Object, OZ_20_ks_pole02A, 259.519, -0.161149, 21.3061, 0.0, 0.0, 0.0, 1.0, -0.01, 0.01, 0.01
Object, OZ_20_ks_pole02A, 259.519, -0.104507, 25.9483, 0.0, 0.0, 0.0, 1.0, -0.01, 0.01, 0.01
Object, OZ_20_ks_pole02A, 248.55900000000003, -0.104507, 74.3043, 0.0, 0.0, 0.0, 1.0, -0.01, 0.01, 0.01
Object, OZ_20_ks_pole02A, 248.55900000000003, -0.161149, 69.6621, 0.0, 0.0, 0.0, 1.0, -0.01, 0.01, 0.01
Object, OZ_20_ks_pole02A, 259.449, -0.104507, 74.3043, 0.0, 0.0, 0.0, 1.0, -0.01, 0.01, 0.01
Object, OZ_20_ks_pole02A, 259.449, -0.161149, 69.6621, 0.0, 0.0, 0.0, 1.0, -0.01, 0.01, 0.01
Object, OZ_20_ks_pole02A, 259.433, -0.161149, 117.536, 0.0, 0.0, 0.0, 1.0, -0.01, 0.01, 0.01
Object, OZ_20_ks_pole02A, 259.433, -0.104507, 122.178, 0.0, 0.0, 0.0, 1.0, -0.01, 0.01, 0.01
Object, OZ_00_nk_tree02A, 249.782, 0.0, 163.269, 0.0, -0.866025, 0.0, 0.5, -0.01, 0.01, 0.01
Object, OZ_00_nk_tree02A, 257.262, 0.0, 125.596, 0.0, 0.819152, 0.0, 0.573576, -0.01, 0.01, 0.01
Object, OZ_00_nk_tree02A, 181.805, 0.0, 117.184, 0.0, 0.422618, 0.0, 0.906308, -0.01, 0.01, 0.01
Object, OZ_02_ma_plant02A, 266.16400000000004, 4.0, 29.1296, 0.0, 0.737277, 0.0, 0.67559, -0.01, 0.01, 0.01
Object, OZ_02_ma_plant02A, 266.16400000000004, 4.0, 77.0799, 0.0, 0.737277, 0.0, 0.67559, -0.01, 0.01, 0.01
Object, OZ_02_ma_plant02A, 237.669, 0.0, 121.587, 0.0, 0.737277, 0.0, 0.67559, -0.01, 0.01, 0.01
Object, OZ_02_ma_plant02A, 237.637, 0.0, 125.742, 0.0, 0.737277, 0.0, 0.67559, -0.01, 0.01, 0.01
Object, OZ_02_ma_plant02A, 250.02700000000002, 0.0, 128.653, 0.0, 0.737277, 0.0, 0.67559, -0.01, 0.01, 0.01
Object, OZ_20_ks_pbucket01A, -64.0767, 0.0, -7.77006, 0.0, 0.0, 0.0, 1.0, -0.01, 0.01, 0.01
Object, OZ_22_ma_Upole01A, -2.04625, 0.0, -8.85761, 0.0, 0.0, 0.0, 1.0, -0.01, 0.01, 0.01
Object, OZ_02_ks_flower01A, -44.992700000000006, -0.068078, 43.509, 0.0, 0.300706, 0.0, 0.953717, -0.01, 0.01, 0.01
Object, OZ_02_ks_flower01A, -46.059799999999996, -0.068078, 41.9735, 0.0, 0.422618, 0.0, 0.906308, -0.01, 0.01, 0.01
Object, OZ_02_ks_flower01C, -45.9557, 0.0, 42.4542, 0.0, 0.34202, 0.0, 0.939693, -0.01, 0.01, 0.01
Object, OZ_02_ks_flower01B, -45.7641, 0.0, 44.2143, 0.0, 0.0, 0.0, 1.0, -0.01, 0.01, 0.01
Object, OZ_02_ks_flower01B, -44.5387, -0.068108, 28.319200000000002, 0.0, 0.258819, 0.0, 0.965926, -0.01, 0.01, 0.01
Object, OZ_02_ks_flower01C, -45.0873, -0.0972047, 27.4171, 0.0, 0.173648, 0.0, 0.984808, -0.01, 0.01, 0.01
Object, OZ_02_ma_plant02B, -2.6659500000000005, -0.0401219, 58.734399999999994, 0.0, -0.707107, 0.0, 0.707107, -0.01, 0.01, 0.01
Object, OZ_02_ma_plant02B, -3.0047800000000002, -0.0401219, 61.793400000000005, 0.0, -0.707107, 0.0, 0.707107, -0.01, 0.01, 0.01
Object, OZ_02_ks_flower01C, -42.4862, -0.0972047, -4.47207, 0.0, 0.422618, 0.0, 0.906308, -0.01, 0.01, 0.01
Object, OZ_00_nk_tree02A, 257.091, -0.37744300000000003, 175.905, 0.0, 0.984808, 0.0, 0.173648, -0.01, 0.01, 0.01
Object, OZ_00_nk_tree02A, 249.34400000000002, 0.0, 185.97400000000002, 0.0, -0.5373, 0.0, 0.843391, -0.01, 0.01, 0.01
Object, OZ_00_nk_tree02A, 257.091, -0.37744300000000003, 200.107, 0.0, 0.984808, 0.0, 0.173648, -0.01, 0.01, 0.01
Object, OZ_00_nk_tree02A, 249.79700000000003, -0.37744300000000003, 207.928, 0.0, 0.965926, 0.0, -0.258819, -0.01, 0.01, 0.01
Object, OZ_20_ks_pole02A, 248.653, -0.161149, 117.536, 0.0, 0.0, 0.0, 1.0, -0.01, 0.01, 0.01
Object, OZ_20_ks_pole02A, 248.653, -0.104507, 122.178, 0.0, 0.0, 0.0, 1.0, -0.01, 0.01, 0.01
Object, OZ_20_ks_pole02A, 248.653, -0.104507, 170.56, 0.0, 0.0, 0.0, 1.0, -0.01, 0.01, 0.01
Object, OZ_20_ks_pole02A, 248.653, -0.161149, 165.918, 0.0, 0.0, 0.0, 1.0, -0.01, 0.01, 0.01
Object, OZ_20_ks_pole02A, 259.34900000000005, -0.104507, 170.56, 0.0, 0.0, 0.0, 1.0, -0.01, 0.01, 0.01
Object, OZ_20_ks_pole02A, 259.34900000000005, -0.104507, 165.61200000000002, 0.0, 0.0, 0.0, 1.0, -0.01, 0.01, 0.01
Object, OZ_10_se_home03A, -16.0, 0.0, 152.877, 0.0, 0.0, 0.0, 1.0, -0.01, 0.01, 0.01
Object, OZ_10_se_home01A, 4.0, 0.0, 152.877, 0.0, -1.74846e-07, 0.0, 1.0, -0.01, 0.01, 0.01
Object, OZ_10_se_home03A, 275.85900000000004, 4.0, 163.895, 0.0, 0.707106, 0.0, 0.707107, -0.01, 0.01, 0.01
Object, OZ_10_se_home01A, 275.904, 4.0, 195.895, 0.0, 0.707107, 0.0, 0.707107, -0.01, 0.01, 0.01
Object, OZ_10_se_home03A, 224.0, 0.0, 152.877, 0.0, -0.707107, 0.0, 0.707107, -0.01, 0.01, 0.01
Object, OZ_10_se_home02A, 24.0, 0.0, 152.877, 0.0, 3.01992e-07, 0.0, 1.0, -0.01, 0.01, 0.01
Object, OZ_10_se_home03A, -32.0, 0.0, 128.0, 0.0, 1.0, 0.0, 0.0, -0.01, 0.01, 0.01
Object, OZ_10_se_home02A, -12.0, 0.0, 128.0, 0.0, 1.0, 0.0, -1.39071e-07, -0.01, 0.01, 0.01
Object, OZ_10_se_home01A, 228.0, 0.05, 128.0, 0.0, -0.707107, 0.0, 0.707107, -0.01, 0.01, 0.01
Object, OZ_10_se_home02A, 208.0, 0.05, 128.0, 0.0, 1.0, 0.0, -1.39071e-07, -0.01, 0.01, 0.01
Object, OZ_10_se_home03A, 188.0, 0.0, 128.0, 0.0, 1.0, 0.0, 0.0, -0.01, 0.01, 0.01
Object, OZ_10_se_home01A, 168.0, 0.0, 128.0, 0.0, 1.0, 0.0, 0.0, -0.01, 0.01, 0.01
Object, OZ_10_se_home02A, 148.0, 0.05, 128.0, 0.0, 1.0, 0.0, -1.39071e-07, -0.01, 0.01, 0.01
Object, OZ_10_se_home03A, 128.0, 0.05, 128.0, 0.0, 1.0, 0.0, 0.0, -0.01, 0.01, 0.01
Object, OZ_00_nk_Dtree01A, -74.2528, -0.556337, 115.50200000000001, 0.0, 0.992286, 0.0, -0.123967, -0.01, 0.01, 0.01
Object, OZ_00_nk_Dtree01A, -75.1353, -0.556337, 140.55100000000002, 0.0, 0.992286, 0.0, -0.123967, -0.01, 0.01, 0.01
Object, OZ_00_nk_Dtree01A, -70.4405, -0.556337, 138.06, 0.0, 1.0, 0.0, 5.20549e-07, -0.01, 0.01, 0.01
Object, OZ_00_nk_Dtree01A, -70.04729999999999, -0.556337, 115.994, 0.0, 0.992286, 0.0, -0.123967, -0.01, 0.01, 0.01
Object, OZ_22_ma_Upole01D, -71.4612, 2.4414100000000004e-05, -7.2120299999999995, 0.0, 0.0, 0.0, 1.0, -0.01, 0.01, 0.01
Object, OZ_22_ma_Upole01D, -72.27380000000001, 2.4414100000000004e-05, 88.4167, 0.0, 0.0, 0.0, 1.0, -0.01, 0.01, 0.01
Object, OZ_20_ks_grail01A, -66.8035, 2.4414100000000004e-05, -8.24424, 0.0, 1.0, 0.0, 0.0, -0.01, 0.01, 0.01
Object, OZ_00_nk_tree01D, -98.26299999999999, 2.4414100000000004e-05, 54.037, 0.0, 0.0, 0.0, 1.0, -0.01, 0.01, 0.01
Object, OZ_00_nk_tree01E, -97.6022, 2.4414100000000004e-05, 1.34548, 0.0, 0.0, 0.0, 1.0, -0.0128058, 0.0128058, 0.0128058
Object, OZ_00_nk_tree02A, -98.1102, 2.4414100000000004e-05, 83.3358, 0.0, -0.0871558, 0.0, 0.996195, -0.01, 0.01, 0.01
Object, OZ_00_nk_tree01B, -98.5359, 2.4414100000000004e-05, 70.4875, 0.0, 0.608761, 0.0, 0.793353, -0.01, 0.01, 0.01
Object, OZ_00_nk_tree02A, -98.02430000000001, -0.122471, 58.4833, 0.0, 0.5373, 0.0, 0.843391, -0.01, 0.01, 0.01
Object, OZ_00_nk_tree02A, -98.09219999999999, 2.4414100000000004e-05, 43.6607, 0.0, -0.0871558, 0.0, 0.996195, -0.01, 0.01, 0.01
Object, OZ_00_nk_tree02A, -97.4608, -0.122471, 31.7329, 0.0, 0.5373, 0.0, 0.843391, -0.01, 0.01, 0.01
Object, OZ_00_nk_tree02A, -97.4608, -0.122471, 18.2554, 0.0, -0.173648, 0.0, 0.984808, -0.01, 0.01, 0.01
Object, OZ_00_nk_tree02A, -98.1407, -0.122471, -4.59173, 0.0, 0.0, 0.0, 1.0, -0.01, 0.01, 0.01
Object, OZ_00_nk_tree02A, -98.1407, -0.122471, 7.547630000000001, 0.0, 0.0, 0.0, 1.0, -0.01, 0.01, 0.01
Object, OZ_10_se_home01A, -63.894200000000005, 0.0, 63.82640000000001, 0.0, -0.707107, 0.0, 0.707107, -0.01, 0.01, 0.01
Object, OZ_10_se_home03A, -107.0, 0.0, 104.0, 0.0, 0.0, 0.0, 1.0, -0.01, 0.01, 0.01
Object, OZ_20_ks_grail01A, -75.0002, 2.4414100000000004e-05, -8.24424, 0.0, 1.0, 0.0, 0.0, -0.01, 0.01, 0.01
Object, OZ_00_nk_Dtree01A, -79.1687, -0.556337, 117.976, 0.0, 0.992286, 0.0, -0.123967, -0.01, 0.01, 0.01
Object, OZ_02_ma_plant02B, -97.6744, -0.0400977, 13.1405, 0.0, 0.707107, 0.0, 0.707107, -0.01, 0.01, 0.01
Object, OZ_02_ma_plant02B, -97.6744, -0.0400977, 26.349800000000002, 0.0, 0.707107, 0.0, 0.707107, -0.01, 0.01, 0.01
Object, OZ_02_ma_plant02B, -97.6744, -0.0400977, 38.7552, 0.0, 0.707107, 0.0, 0.707107, -0.01, 0.01, 0.01
Object, OZ_02_ma_plant02B, -97.6744, -0.0400977, 64.46430000000001, 0.0, 0.707107, 0.0, 0.707107, -0.01, 0.01, 0.01
Object, OZ_02_ma_plant02B, -97.6744, -0.0400977, 79.22540000000001, 0.0, 0.707107, 0.0, 0.707107, -0.01, 0.01, 0.01
Object, OZ_02_ma_plant02B, -97.6744, -0.0400977, 50.139700000000005, 0.0, 0.707107, 0.0, 0.707107, -0.01, 0.01, 0.01
Object, OZ_20_ks_grail01A, -100.191, 2.4414100000000004e-05, -38.6591, 0.0, -0.707107, 0.0, 0.707107, -0.01, 0.01, 0.01
Object, OZ_20_ks_grail01A, -100.191, 2.4414100000000004e-05, -30.102800000000002, 0.0, -0.707107, 0.0, 0.707107, -0.01, 0.01, 0.01
Object, OZ_20_ks_grail01A, -100.191, 2.4414100000000004e-05, -21.2704, 0.0, -0.707107, 0.0, 0.707107, -0.01, 0.01, 0.01
Object, OZ_25_ks_light01A, -99.3124, 2.4414100000000004e-05, -42.8719, 0.0, -0.707107, 0.0, 0.707107, -0.01, 0.01, 0.01
Object, OZ_25_ks_light01A, -99.3124, 2.4414100000000004e-05, -25.8444, 0.0, -0.707107, 0.0, 0.707107, -0.01, 0.01, 0.01
Object, OZ_20_ks_grail01A, -83.238, 2.4414100000000004e-05, -8.24424, 0.0, 1.0, 0.0, 0.0, -0.01, 0.01, 0.01
Object, OZ_22_ma_Upole01D, -105.48700000000001, 2.4414100000000004e-05, 95.0872, 0.0, 1.0, 0.0, -5.20549e-07, -0.01, 0.01, 0.01
Object, OZ_00_nk_Dtree01A, -88.1345, -0.556337, 116.55, 0.0, 0.992286, 0.0, -0.123967, -0.01, 0.01, 0.01
Object, OZ_00_nk_Dtree01A, -91.97930000000001, -0.556337, 117.315, 0.0, 0.992286, 0.0, -0.123967, -0.01, 0.01, 0.01
Object, OZ_00_nk_Dtree01A, -102.44500000000001, -0.556337, 117.315, 0.0, 0.992286, 0.0, -0.123967, -0.01, 0.01, 0.01
Object, OZ_00_nk_Dtree01A, -110.02600000000001, -0.556337, 137.779, 0.0, 0.992286, 0.0, -0.123967, -0.01, 0.01, 0.01
Object, OZ_00_nk_Dtree01A, -106.35000000000001, -0.556337, 140.185, 0.0, 0.992286, 0.0, -0.123967, -0.01, 0.01, 0.01
Object, OZ_00_nk_Dtree01A, -92.80760000000001, -0.556337, 143.002, 0.0, 0.992286, 0.0, -0.123967, -0.01, 0.01, 0.01
Object, OZ_00_nk_Dtree01A, -102.025, -0.556337, 137.779, 0.0, 0.992286, 0.0, -0.123967, -0.01, 0.01, 0.01
Object, OZ_00_nk_Dtree01A, -89.5985, -0.556337, 140.55100000000002, 0.0, 0.992286, 0.0, -0.123967, -0.01, 0.01, 0.01
Object, OZ_00_nk_Dtree01A, -84.90360000000001, -0.556337, 138.06, 0.0, 1.0, 0.0, 5.20549e-07, -0.01, 0.01, 0.01
Object, OZ_00_nk_Dtree01A, -98.3939, -0.556337, 141.01500000000001, 0.0, 0.992286, 0.0, -0.123967, -0.01, 0.01, 0.01
Object, OZ_00_nk_Dtree01A, -95.1849, -0.556337, 138.564, 0.0, 0.992286, 0.0, -0.123967, -0.01, 0.01, 0.01
Object, OZ_00_nk_Dtree01A, -105.19200000000001, -0.556337, 123.463, 0.0, 0.992286, 0.0, -0.123967, -0.01, 0.01, 0.01
Object, OZ_00_nk_Dtree01A, -107.71700000000001, -0.556337, 115.663, 0.0, 0.992286, 0.0, -0.123967, -0.01, 0.01, 0.01
Object, OZ_00_nk_Dtree01A, -99.7617, -0.556337, 116.493, 0.0, 0.992286, 0.0, -0.123967, -0.01, 0.01, 0.01
Object, OZ_00_nk_Dtree01A, -96.5526, -0.556337, 114.04200000000002, 0.0, 0.992286, 0.0, -0.123967, -0.01, 0.01, 0.01
Object, OZ_00_nk_Dtree01A, -111.394, -0.556337, 118.71700000000001, 0.0, 0.992286, 0.0, -0.123967, -0.01, 0.01, 0.01
Object, OZ_00_nk_Dtree01A, -116.736, -0.556337, 119.50200000000001, 0.0, 0.992286, 0.0, -0.123967, -0.01, 0.01, 0.01
Object, OZ_00_nk_Dtree01A, -113.38, -0.556337, 121.95299999999999, 0.0, 0.992286, 0.0, -0.123967, -0.01, 0.01, 0.01
Object, OZ_00_nk_Dtree01A, -114.609, -0.556337, 138.564, 0.0, 0.992286, 0.0, -0.123967, -0.01, 0.01, 0.01
Object, OZ_00_nk_Dtree01A, -117.818, -0.556337, 141.01500000000001, 0.0, 0.992286, 0.0, -0.123967, -0.01, 0.01, 0.01
Object, OZ_00_nk_tree02A, -112.126, -0.122471, 83.7682, 0.0, 0.5373, 0.0, 0.843391, -0.01, 0.01, 0.01
Object, OZ_00_nk_tree02A, -110.54899999999999, -0.122471, 50.1137, 0.0, 0.939693, 0.0, -0.34202, -0.01, 0.01, 0.01
Object, OZ_00_nk_tree02A, -117.665, -0.122471, 53.084300000000006, 0.0, -0.642788, 0.0, 0.766044, -0.01, 0.01, 0.01
Object, OZ_00_nk_tree02A, -111.334, -0.122471, -29.5764, 0.0, 0.34202, 0.0, 0.939693, -0.01, 0.01, 0.01
Object, OZ_80_hk_home03A, -20.0, 0.0, 0.0, 0.0, -0.707107, 0.0, 0.707107, -0.01, 0.01, 0.01
Object, OZ_10_nk_Bhome02A, -119.548, 0.0, 73.5717, 0.0, -0.707107, 0.0, 0.707107, -0.012709, 0.012709, 0.012709
Object, OZ_10_nk_Bhome02A, -119.113, 0.0, 24.0121, 0.0, -0.707107, 0.0, 0.707107, -0.012709, 0.012709, 0.012709
Object, OZ_10_nk_Bhome03A, -124.68299999999999, -0.647361, 8.32124, 0.0, -0.707107, 0.0, 0.707107, -0.012709, 0.012709, 0.012709
Object, OZ_10_nk_Bhome01A, -130.04, 0.0, 62.0361, 0.0, 0.707107, 0.0, 0.707107, -0.012709, 0.012709, 0.012709
Object, OZ_10_nk_Bhome01A, -124.488, -2.15701, 89.2736, 0.0, 0.707107, 0.0, 0.707107, -0.012709, 0.012709, 0.012709
Object, OZ_10_nk_Bhome03A, -139.79500000000002, -1.52766, 101.016, 0.0, -0.707107, 0.0, 0.707107, -0.012709, 0.012709, 0.012709
Object, OZ_10_nk_Bhome02A, -122.77600000000001, 0.0, -33.9414, 0.0, -0.707107, 0.0, 0.707107, -0.012709, 0.012709, 0.012709
Object, OZ_10_nk_Bhome01A, -135.373, 0.057455, -7.06149, 0.0, 0.707107, 0.0, 0.707107, -0.012709, 0.012709, 0.012709
Object, OZ_10_se_home01A, -71.8953, 0.05, -23.894099999999998, 0.0, 1.0, 0.0, 0.0, -0.01, 0.01, 0.01
Object, OZ_10_se_home02A, -63.794799999999995, 0.0, 79.8485, 0.0, -0.707107, 0.0, 0.707107, -0.01, 0.01, 0.01
Object, OZ_10_se_home02A, -63.794700000000006, 0.05, 3.76148, 0.0, -0.707107, 0.0, 0.707107, -0.01, 0.01, 0.01
Object, OZ_10_se_home02A, -88.0909, 0.0, -23.8056, 0.0, 1.0, 0.0, 0.0, -0.01, 0.01, 0.01
Object, OZ_22_se_boad01A, -0.460136, 0.0, 64.4883, 0.0, -0.707107, 0.0, 0.707107, -0.01, 0.01, 0.01
Object, OZ_00_nk_tree02A, -23.441100000000002, 0.0, 63.1195, 0.0, 0.999048, 0.0, -0.0436187, -0.01, 0.01, 0.01
Object, OZ_00_nk_tree02A, -8.20887, 0.0, 64.7698, 0.0, 0.923879, 0.0, 0.382684, -0.01, 0.01, 0.01
Object, OZ_00_nk_tree02A, -7.056760000000001, 0.0, 12.5954, 0.0, 0.923879, 0.0, 0.382684, -0.01, 0.01, 0.01
Object, OZ_26_se_guardrail01A, 0.332885, -1.14441e-07, 44.851000000000006, 0.0, -0.707107, 0.0, 0.707107, -0.01, 0.01, 0.01
Object, OZ_26_se_guardrail01A, 0.332885, -1.14441e-07, 69.1222, 0.0, -0.707107, 0.0, 0.707107, -0.01, 0.01, 0.01
Object, OZ_26_se_guardrail01A, 0.332885, -1.14441e-07, 83.1024, 0.0, -0.707107, 0.0, 0.707107, -0.01, 0.01, 0.01
Object, OZ_26_se_guardrail01A, -32.2247, -1.14441e-07, 83.0355, 0.0, -0.707107, 0.0, 0.707107, -0.01, 0.01, 0.01
Object, OZ_02_ma_plant02A, -30.4492, 0.0, -0.902722, 0.0, 0.707107, 0.0, 0.707107, -0.01, 0.01, 0.01
Object, OZ_02_ma_plant02A, -30.4492, 0.0, -5.01435, 0.0, 0.707107, 0.0, 0.707107, -0.01, 0.01, 0.01
Object, OZ_02_ma_plant02A, -3.0496300000000005, 0.0, -34.2329, 0.0, 0.707107, 0.0, 0.707107, -0.01, 0.01, 0.01
Object, OZ_02_ma_plant02A, -2.9404199999999996, 0.0, -30.4902, 0.0, 0.707107, 0.0, 0.707107, -0.01, 0.01, 0.01
Object, OZ_00_nk_tree02A, -24.4137, 0.0, -39.2828, 0.0, 0.537299, 0.0, 0.843392, -0.01, 0.01, 0.01
Object, OZ_00_nk_tree02A, -5.7753, 0.0, -39.4213, 0.0, -0.300706, 0.0, 0.953717, -0.01, 0.01, 0.01
Object, OZ_02_ma_plant02A, -2.94304, 0.0, -19.5135, 0.0, 0.707107, 0.0, 0.707107, -0.01, 0.01, 0.01
Object, OZ_02_ma_plant02A, -3.08553, 0.0, -23.230700000000002, 0.0, 0.707107, 0.0, 0.707107, -0.01, 0.01, 0.01
Object, OZ_02_ma_plant02A, -2.7016699999999996, 0.0, -43.9723, 0.0, 0.707107, 0.0, 0.707107, -0.01, 0.01, 0.01
Object, OZ_26_se_fence01A, -19.9611, 0.011415900000000001, 95.9807, 0.0, 0.0, 0.0, 1.0, -0.01, 0.01, 0.01
Object, OZ_26_se_fence01A, -18.5933, 0.011415900000000001, 95.9807, 0.0, 0.0, 0.0, 1.0, -0.01, 0.01, 0.01
Object, OZ_26_se_guardrail01A, 0.332885, -1.14441e-07, 59.4876, 0.0, -0.707107, 0.0, 0.707107, -0.01, 0.01, 0.01
Object, OZ_26_se_fence01A, -17.2255, 0.011415900000000001, 95.9807, 0.0, 0.0, 0.0, 1.0, -0.01, 0.01, 0.01
Object, OZ_00_nk_Dtree01A, -20.0456, -0.556362, 115.234, 0.0, 1.0, 0.0, 0.0, -0.01, 0.01, 0.01
Object, OZ_00_nk_Dtree01A, -12.013800000000002, -0.556362, 115.234, 0.0, 0.906308, 0.0, 0.422618, -0.01, 0.01, 0.01
Object, OZ_10_se_home01A, -63.8941, 0.05, 20.1048, 0.0, -0.707107, 0.0, 0.707107, -0.01, 0.01, 0.01
Object, OZ_10_nk_Bhome01A, -79.9586, 0.0, 129.59, 0.0, 0.707107, 0.0, 0.707107, -0.012709, 0.012709, 0.012709
Object, OZ_10_nk_Bhome01A, 258.953, 0.0, 242.518, 0.0, 1.0, 0.0, 0.0, -0.012709, 0.012709, 0.012709
Object, OZ_10_nk_Bhome03A, 243.19400000000002, 0.0, 228.981, 0.0, 0.0, 0.0, 1.0, -0.012709, 0.012709, 0.012709
Object, OZ_10_nk_Bhome02A, 228.89700000000002, -1.0994, 246.012, 0.0, 0.0, 0.0, 1.0, -0.012709, 0.012709, 0.012709
Object, OZ_10_se_home02A, 275.796, 3.99253, 131.686, 0.0, 0.707107, 0.0, 0.707107, -0.01, 0.01, 0.01
Object, OZ_10_se_home02A, 275.788, 4.0, 179.675, 0.0, 0.707107, 0.0, 0.707107, -0.01, 0.01, 0.01
Object, OZ_10_se_home02A, 276.014, 4.05, 35.895100000000006, 0.0, 0.707107, 0.0, 0.707107, -0.01, 0.01, 0.01
Object, OZ_10_se_home02A, 275.80400000000003, 4.0, 84.10459999999999, 0.0, 0.707107, 0.0, 0.707107, -0.01, 0.01, 0.01
Object, OZ_10_se_home02A, 275.80400000000003, 3.98552, 4.10462, 0.0, 0.707107, 0.0, 0.707107, -0.01, 0.01, 0.01
Object, OZ_10_se_home01A, 275.904, 3.98506, 19.8951, 0.0, 0.707107, 0.0, 0.707107, -0.01, 0.01, 0.01
Object, OZ_10_se_home01A, 275.894, 4.0, -28.101599999999998, 0.0, 0.707107, 0.0, 0.707107, -0.01, 0.01, 0.01
Object, OZ_10_se_home03A, 275.875, 4.05, 211.895, 0.0, 0.707106, 0.0, 0.707107, -0.01, 0.01, 0.01
Object, OZ_10_nk_Bhome03A, -78.83720000000001, -0.673492, 63.755, 0.0, -0.707107, 0.0, 0.707107, -0.012709, 0.012709, 0.012709
Object, OZ_26_se_guardrail01A, -76.2837, -0.00498577, 95.8997, 0.0, 1.0, 0.0, 0.0, -0.01, 0.01, 0.01
Object, OZ_22_se_fountain01A, 36.0426, 0.0619757, 119.28399999999999, 0.0, 0.0, 0.0, 1.0, -0.01, 0.01, 0.01
Object, OZ_10_se_home01A, 204.0, 0.0, 152.877, 0.0, 0.0, 0.0, 1.0, -0.01, 0.01, 0.01
Object, OZ_10_se_home02A, -80.0582, -0.00498557, 47.561400000000006, 0.0, -0.707107, 0.0, 0.707107, -0.01, 0.01, 0.01
Object, OZ_10_se_home02A, -80.1678, 0.0, 79.8278, 0.0, 1.0, 0.0, -1.39071e-07, -0.01, 0.01, 0.01
Object, OZ_10_nk_Bhome03A, -130.983, -0.673492, 34.5743, 0.0, -0.707107, 0.0, 0.707107, -0.012709, 0.012709, 0.012709
Object, OZ_10_se_home02A, -116.179, 0.0, 24.192, 0.0, -0.707107, 0.0, 0.707107, -0.01, 0.01, 0.01
Object, OZ_10_se_home03A, -115.846, 0.0, 39.999, 0.0, -0.707107, 0.0, 0.707107, -0.01, 0.01, 0.01
Object, OZ_00_nk_tree02A, -61.2079, -0.00801727, 97.21690000000001, 0.0, 0.906308, 0.0, -0.422617, -0.01, 0.01, 0.01
Object, OZ_10_se_home03A, 44.0, 0.0, 153.219, 0.0, 0.0, 0.0, 1.0, -0.01, 0.01, 0.01
Object, OZ_10_se_home02A, 84.0, 0.0, 152.877, 0.0, 3.01992e-07, 0.0, 1.0, -0.01, 0.01, 0.01
Object, OZ_10_se_home01A, 64.0, 0.0, 152.877, 0.0, 0.0, 0.0, 1.0, -0.01, 0.01, 0.01
Object, OZ_10_se_home03A, 104.0, 0.0, 152.877, 0.0, 1.50996e-07, 0.0, 1.0, -0.01, 0.01, 0.01
Object, OZ_10_se_home02A, 184.104, 0.0, 152.672, 0.0, 0.0, 0.0, 1.0, -0.01, 0.01, 0.01
Object, OZ_10_se_home03A, 164.0, 0.0, 152.877, 0.0, 0.0, 0.0, 1.0, -0.01, 0.01, 0.01
Object, OZ_10_se_home01A, 144.0, 0.0, 152.877, 0.0, 0.0, 0.0, 1.0, -0.01, 0.01, 0.01
Object, OZ_10_se_home02A, 124.0, 0.0, 152.877, 0.0, 0.0, 0.0, 1.0, -0.01, 0.01, 0.01
Object, OZ_10_nk_Bhome02A, 208.171, 0.0277737, 170.011, 0.0, 0.0, 0.0, 1.0, -0.012709, 0.012709, 0.012709
Object, OZ_10_nk_Bhome01A, 173.24099999999999, 0.0, 170.674, 0.0, 1.0, 0.0, 0.0, -0.012709, 0.012709, 0.012709
Object, OZ_10_nk_Bhome03A, 194.633, -0.0676398, 176.64900000000003, 0.0, 0.0, 0.0, 1.0, -0.012709, 0.012709, 0.012709
Object, OZ_10_nk_Bhome03A, 133.36100000000002, -0.0676398, 176.64900000000003, 0.0, 0.0, 0.0, 1.0, -0.012709, 0.012709, 0.012709
Object, OZ_10_nk_Bhome02A, 153.851, 0.0277737, 172.519, 0.0, 0.0, 0.0, 1.0, -0.012709, 0.012709, 0.012709
Object, OZ_10_nk_Bhome01A, 120.02600000000001, 0.0, 182.043, 0.0, 1.0, 0.0, 0.0, -0.012709, 0.012709, 0.012709
Object, OZ_10_nk_Bhome02A, 103.75200000000001, 0.0277737, 187.799, 0.0, 0.0, 0.0, 1.0, -0.012709, 0.012709, 0.012709
Object, OZ_10_se_home03A, 304.105, 4.0, -32.1318, 0.0, -5.6426e-07, 0.0, 1.0, -0.01, 0.01, 0.01
Object, OZ_02_ma_plant02A, -47.153000000000006, 0.0, -41.5608, 0.0, 0.707107, 0.0, 0.707107, -0.01, 0.01, 0.01
Object, OZ_02_ma_plant02A, -46.6588, 0.0, -31.1319, 0.0, 0.707107, 0.0, 0.707107, -0.01, 0.01, 0.01
Object, OZ_02_ma_plant02B, -46.961800000000004, -0.0401219, -28.0533, 0.0, 0.707107, 0.0, 0.707107, -0.01, 0.01, 0.01
Object, OZ_10_se_home01A, -52.0, 0.0, 128.0, 0.0, 1.0, 0.0, 0.0, -0.01, 0.01, 0.01
Object, OZ_02_ma_plant02A, -31.0599, 0.0, 18.7578, 0.0, 0.707107, 0.0, 0.707107, -0.01, 0.01, 0.01
Object, OZ_02_ma_plant02A, -30.3735, 0.0, 14.7443, 0.0, 0.707107, 0.0, 0.707107, -0.01, 0.01, 0.01
Object, OZ_02_ma_plant02A, -31.0599, 0.0, 5.2589999999999995, 0.0, 0.707107, 0.0, 0.707107, -0.01, 0.01, 0.01
Object, OZ_00_nk_tree02A, -24.4422, 0.0, 11.099400000000001, 0.0, 0.608761, 0.0, 0.793354, -0.01, 0.01, 0.01
Object, OZ_26_se_guardrail01A, -5.07515, -1.14441e-07, -15.7623, 0.0, 1.0, 0.0, 0.0, -0.01, 0.01, 0.01
Object, OZ_26_se_guardrail01A, -16.1851, -1.14441e-07, -15.7623, 0.0, 1.0, 0.0, 0.0, -0.01, 0.01, 0.01
Object, OZ_26_se_guardrail01A, -27.247700000000002, -1.14441e-07, -15.7623, 0.0, 1.0, 0.0, 0.0, -0.01, 0.01, 0.01
Object, OZ_26_se_guardrail01A, -16.3716, -1.14441e-07, 39.769, 0.0, 3.01992e-07, 0.0, 1.0, -0.01, 0.01, 0.01
Object, OZ_26_se_guardrail01A, -27.311500000000002, -1.14441e-07, 39.769, 0.0, 3.01992e-07, 0.0, 1.0, -0.01, 0.01, 0.01
Object, OZ_02_ma_plant02A, -2.90229, 0.0, 69.2106, 0.0, 0.707107, 0.0, 0.707107, -0.01, 0.01, 0.01
Object, OZ_02_ma_plant02A, -2.90229, 0.0, 73.02430000000001, 0.0, 0.707107, 0.0, 0.707107, -0.01, 0.01, 0.01
Object, OZ_02_ma_plant02A, -31.1266, 0.0, 8.64688, 0.0, 0.707107, 0.0, 0.707107, -0.01, 0.01, 0.01
Object, OZ_00_nk_tree02A, -28.569499999999998, 0.0, 82.46700000000001, 0.0, 0.887011, 0.0, -0.461748, -0.01, 0.01, 0.01
Object, OZ_26_se_guardrail01A, -32.2247, -1.14441e-07, 69.9702, 0.0, -0.707107, 0.0, 0.707107, -0.01, 0.01, 0.01
Object, OZ_26_se_guardrail01A, -32.2247, -1.14441e-07, 57.0934, 0.0, -0.707107, 0.0, 0.707107, -0.01, 0.01, 0.01
Object, OZ_26_se_guardrail01A, -32.2247, -1.14441e-07, 45.5041, 0.0, -0.707107, 0.0, 0.707107, -0.01, 0.01, 0.01
Object, OZ_00_nk_tree01A, -11.717600000000001, 0.0, 10.3848, 0.0, 0.819152, 0.0, 0.573576, -0.01, 0.01, 0.01
Object, OZ_00_nk_tree01A, -17.849800000000002, 0.0, 12.3313, 0.0, 0.984808, 0.0, 0.173648, -0.01, 0.01, 0.01
Object, OZ_00_nk_tree01A, -44.760600000000004, 0.0, -36.3517, 0.0, 0.906308, 0.0, -0.422618, -0.01, 0.01, 0.01
Object, OZ_00_nk_tree01A, -28.4023, 0.0, 41.5898, 0.0, 0.984808, 0.0, 0.173648, -0.01, 0.01, 0.01
Object, OZ_02_ma_plant02A, -11.136700000000001, 0.0, 3.4297199999999997, 0.0, 0.707107, 0.0, 0.707107, -0.01, 0.01, 0.01
Object, OZ_02_ma_plant02A, -11.0857, 0.0, -5.88229, 0.0, 0.707107, 0.0, 0.707107, -0.01, 0.01, 0.01
Object, OZ_02_ma_plant02A, -11.2661, 0.0, 6.70347, 0.0, 0.707107, 0.0, 0.707107, -0.01, 0.01, 0.01
Object, OZ_02_ma_plant02A, -11.5398, 0.0, 29.5302, 0.0, 0.707107, 0.0, 0.707107, -0.01, 0.01, 0.01
Object, OZ_02_ma_plant02A, -11.5398, 0.0, 26.112800000000004, 0.0, 0.707107, 0.0, 0.707107, -0.01, 0.01, 0.01
Object, OZ_26_se_guardrail01A, -5.58582, -1.14441e-07, 32.1592, 0.0, 3.01992e-07, 0.0, 1.0, -0.01, 0.01, 0.01
Object, OZ_26_se_guardrail01A, -5.58582, -1.14441e-07, -8.25717, 0.0, 3.01992e-07, 0.0, 1.0, -0.01, 0.01, 0.01
Object, OZ_10_se_home02A, -72.0, 0.0, 104.0, 0.0, -1.74846e-07, 0.0, 1.0, -0.01, 0.01, 0.01
Object, OZ_10_se_home01A, 224.0, 0.0, 180.877, 0.0, 0.0, 0.0, 1.0, -0.01, 0.01, 0.01
Object, OZ_10_nk_Bhome02A, -6.70587, 0.0277737, 170.00400000000002, 0.0, 0.0, 0.0, 1.0, -0.012709, 0.012709, 0.012709
Object, OZ_10_se_home03A, -80.5315, 0.05, 20.094, 0.0, 1.0, 0.0, 0.0, -0.01, 0.01, 0.01
Object, OZ_10_se_home01A, -80.5421, 0.05, 3.88335, 0.0, 1.50996e-07, 0.0, 1.0, -0.01, 0.01, 0.01
Object, OZ_00_nk_tree02A, -27.4147, 0.0, -20.913400000000003, 0.0, 0.923879, 0.0, 0.382684, -0.01, 0.01, 0.01
Object, OZ_80_hk_home01A, -47.8953, -0.00561607, 103.879, 0.0, 0.0, 0.0, 1.0, -0.01, 0.01, 0.01
Object, OZ_02_ma_plant02B, -38.6516, -0.0401219, 98.7524, 0.0, 0.707107, 0.0, 0.707107, -0.01, 0.01, 0.01
Object, OZ_02_ma_plant02B, -38.218, -0.0401219, 101.99700000000001, 0.0, 0.707107, 0.0, 0.707107, -0.01, 0.01, 0.01
Object, OZ_00_nk_tree02A, -97.80700000000002, -0.122471, -31.131999999999998, 0.0, -0.173648, 0.0, 0.984808, -0.01, 0.01, 0.01
Object, OZ_26_ks_fence02A, 254.1, -0.039411299999999996, 103.65299999999999, 0.0, 0.0, 0.0, 1.0, -0.01, 0.01, 0.01
Object, OZ_26_ks_fence02A, 241.93900000000002, -0.039411299999999996, 103.65299999999999, 0.0, 0.0, 0.0, 1.0, -0.01, 0.01, 0.01
Object, OZ_26_ks_fence02A, 246.535, -0.039411299999999996, 103.65299999999999, 0.0, 0.0, 0.0, 1.0, -0.01, 0.01, 0.01
Object, OZ_10_se_home01A, -115.88, 0.0, -0.11553200000000001, 0.0, -0.707107, 0.0, 0.707107, -0.01, 0.01, 0.01
Object, OZ_10_se_home03A, -115.851, 0.0, -15.905999999999999, 0.0, -0.707107, 0.0, 0.707107, -0.01, 0.01, 0.01
Object, OZ_80_hk_home03A, -55.8952, 0.005, -23.8489, 0.0, 1.0, 0.0, 0.0, -0.01, 0.01, 0.01
Object, OZ_80_ma_sin01A, 78.705, 0.0625028, 128.21200000000002, 0.0, 0.0, 0.0, 1.0, -0.01, 0.01, 0.01
Object, OZ_80_ma_fuyou01A, 53.3309, 0.0619772, 120.0, 0.0, 0.0, 0.0, 1.0, -0.01, 0.01, 0.01
Object, OZ_00_se_tree01A, 60.6738, 0.0619772, 117.85700000000001, 0.0, 0.0, 0.0, 1.0, -0.0064, 0.0064, 0.0064
Object, OZ_00_se_tree01A, 60.6738, 0.0619772, 119.353, 0.0, 0.0, 0.0, 1.0, -0.0064, 0.0064, 0.0064
Object, OZ_00_se_tree01A, 60.6738, 0.0619772, 121.05799999999999, 0.0, 0.0, 0.0, 1.0, -0.0064, 0.0064, 0.0064
Object, OZ_00_se_tree01A, 60.6738, 0.0619772, 122.80600000000001, 0.0, 0.0, 0.0, 1.0, -0.0064, 0.0064, 0.0064
Object, OZ_00_se_tree01A, 60.6738, 0.0619772, 124.64200000000001, 0.0, 0.0, 0.0, 1.0, -0.0064, 0.0064, 0.0064
Object, OZ_00_se_tree01A, 60.1683, 0.0619772, 126.68100000000001, 0.0, 0.0, 0.0, 1.0, -0.01, 0.01, 0.01
Object, OZ_00_se_tree01A, 56.5916, 0.0619772, 112.927, 0.0, 0.0, 0.0, 1.0, -0.0064, 0.0064, 0.0064
Object, OZ_00_se_tree01A, 55.280699999999996, 0.0619772, 112.927, 0.0, 0.0, 0.0, 1.0, -0.0064, 0.0064, 0.0064
Object, OZ_00_se_tree01A, 53.9315, 0.0619772, 112.927, 0.0, 0.0, 0.0, 1.0, -0.0064, 0.0064, 0.0064
Object, OZ_00_ma_tree02B, 46.4623, 0.0619772, 112.878, 0.0, 0.999048, 0.0, -0.0436194, -0.01, 0.01, 0.01
Object, OZ_00_se_tree01A, 52.5558, 0.0619772, 112.927, 0.0, 0.0, 0.0, 1.0, -0.0064, 0.0064, 0.0064
Object, OZ_02_se_plant01A, 15.547, 0.511976, 123.37200000000001, 0.0, 0.843391, 0.0, 0.5373, -0.01, 0.01, 0.01
Object, OZ_20_hi_plant01A, 15.547, 0.061976199999999995, 123.37200000000001, 0.0, 0.843391, 0.0, 0.5373, -0.01, 0.01, 0.01
Object, OZ_20_hi_plant01A, 22.9129, 0.061976199999999995, 120.67399999999999, 0.0, 0.843391, 0.0, 0.5373, -0.01, 0.01, 0.01
Object, OZ_02_se_plant01A, 22.9129, 0.511976, 120.67399999999999, 0.0, 0.843391, 0.0, 0.5373, -0.01, 0.01, 0.01
Object, OZ_80_ma_maou01A, 26.675300000000004, 0.0619757, 127.384, 0.0, 0.0, 0.0, 1.0, -0.01, 0.01, 0.01
Object, OZ_10_se_building01A, 0.0, 0.0, 0.0, 0.0, 0.0, 0.0, 1.0, -0.01, 0.01, 0.01
Effects, 03_200_00, 203.84400000000002, 0.0, -0.197362, 0.0, -0.707107, 0.0, 0.707107, -0.01, 0.01, 0.01
Distant, OZ_60_ma_enk01A, -6.11247, 2.0, 0.0, 0.0, 0.0, 0.0, 1.0, -0.01, 0.01, 0.01
