Map, FZ_M01_road01_AAD, 12.0, 0, 12.0, 0, 0.0, 0, 1.0, -0.01, 0.01, 0.01
Map, FZ_M01_road01_AAE, -12.0, 0, 12.0, 0, 0.0, 0, 1.0, -0.01, 0.01, 0.01
Map, FZ_M01_road01_AAF, 12.0, 0, -12.0, 0, 0.0, 0, 1.0, -0.01, 0.01, 0.01
Map, FZ_M01_road01_AAG, -12.0, 0, -12.0, 0, 0.0, 0, 1.0, -0.01, 0.01, 0.01
Map, FZ_M01_road01_AAB, 12.0, 0, 36.0, 0, 0.0, 0, 1.0, -0.01, 0.01, 0.01
Map, FZ_M01_road01_AAC, -12.0, 0, 36.0, 0, 0.0, 0, 1.0, -0.01, 0.01, 0.01
Map, FZ_M01_road01_AAH, 36.0, 0, 12.0, 0, 0.0, 0, 1.0, -0.01, 0.01, 0.01
Map, FZ_M01_road01_AAH, -36.0, 0, -12.0, 0, 1.0, 0, 6.123233995736766e-17, -0.01, 0.01, 0.01
Map, FZ_M01_road01_AAI, 36.0, 0, -12.0, 0, 0.0, 0, 1.0, -0.01, 0.01, 0.01
Map, FZ_M01_road01_AAI, -36.0, 0, 12.0, 0, 1.0, 0, 6.123233995736766e-17, -0.01, 0.01, 0.01
Map, FZ_M01_road01_AAJ, 60.0, 0, 12.0, 0, 0.0, 0, 1.0, -0.01, 0.01, 0.01
Map, FZ_M01_road01_AAJ, -60.0, 0, -12.0, 0, 1.0, 0, 6.123233995736766e-17, -0.01, 0.01, 0.01
Map, FZ_M01_road01_AAK, 60.0, 0, -12.0, 0, 0.0, 0, 1.0, -0.01, 0.01, 0.01
Map, FZ_M01_road01_AAK, -60.0, 0, 12.0, 0, 1.0, 0, 6.123233995736766e-17, -0.01, 0.01, 0.01
Map, FZ_M01_road01_AAL, -156.0, 0, 156.0, 0, 0.0, 0, 1.0, -0.01, 0.01, 0.01
Map, FZ_M01_road01_AAL, -132.0, 0, 156.0, 0, 0.0, 0, 1.0, -0.01, 0.01, 0.01
Map, FZ_M01_road01_AAL, -108.0, 0, 156.0, 0, 0.0, 0, 1.0, -0.01, 0.01, 0.01
Map, FZ_M01_road01_AAL, -84.0, 0, 156.0, 0, 0.0, 0, 1.0, -0.01, 0.01, 0.01
Map, FZ_M01_road01_AAL, -60.0, 0, 156.0, 0, 0.0, 0, 1.0, -0.01, 0.01, 0.01
Map, FZ_M01_road01_AAL, -36.0, 0, 156.0, 0, 0.0, 0, 1.0, -0.01, 0.01, 0.01
Map, FZ_M01_road01_AAL, -12.0, 0, 156.0, 0, 0.0, 0, 1.0, -0.01, 0.01, 0.01
Map, FZ_M01_road01_AAL, 12.0, 0, 156.0, 0, 0.0, 0, 1.0, -0.01, 0.01, 0.01
Map, FZ_M01_road01_AAL, 36.0, 0, 156.0, 0, 0.0, 0, 1.0, -0.01, 0.01, 0.01
Map, FZ_M01_road01_AAL, 60.0, 0, 156.0, 0, 0.0, 0, 1.0, -0.01, 0.01, 0.01
Map, FZ_M01_road01_AAL, 84.0, 0, 156.0, 0, 0.0, 0, 1.0, -0.01, 0.01, 0.01
Map, FZ_M01_road01_AAL, 108.0, 0, 156.0, 0, 0.0, 0, 1.0, -0.01, 0.01, 0.01
Map, FZ_M01_road01_AAL, 132.0, 0, 156.0, 0, 0.0, 0, 1.0, -0.01, 0.01, 0.01
Map, FZ_M01_road01_AAL, -156.0, 0, 180.0, 0, 0.0, 0, 1.0, -0.01, 0.01, 0.01
Map, FZ_M01_road01_AAL, -132.0, 0, 180.0, 0, 0.0, 0, 1.0, -0.01, 0.01, 0.01
Map, FZ_M01_road01_AAL, -108.0, 0, 180.0, 0, 0.0, 0, 1.0, -0.01, 0.01, 0.01
Map, FZ_M01_road01_AAL, -84.0, 0, 180.0, 0, 0.0, 0, 1.0, -0.01, 0.01, 0.01
Map, FZ_M01_road01_AAL, -60.0, 0, 180.0, 0, 0.0, 0, 1.0, -0.01, 0.01, 0.01
Map, FZ_M01_road01_AAL, -36.0, 0, 180.0, 0, 0.0, 0, 1.0, -0.01, 0.01, 0.01
Map, FZ_M01_road01_AAL, -12.0, 0, 180.0, 0, 0.0, 0, 1.0, -0.01, 0.01, 0.01
Map, FZ_M01_road01_AAL, 12.0, 0, 180.0, 0, 0.0, 0, 1.0, -0.01, 0.01, 0.01
Map, FZ_M01_road01_AAL, 36.0, 0, 180.0, 0, 0.0, 0, 1.0, -0.01, 0.01, 0.01
Map, FZ_M01_road01_AAL, 60.0, 0, 180.0, 0, 0.0, 0, 1.0, -0.01, 0.01, 0.01
Map, FZ_M01_road01_AAL, 84.0, 0, 180.0, 0, 0.0, 0, 1.0, -0.01, 0.01, 0.01
Map, FZ_M01_road01_AAL, 108.0, 0, 180.0, 0, 0.0, 0, 1.0, -0.01, 0.01, 0.01
Map, FZ_M01_road01_AAL, 132.0, 0, 180.0, 0, 0.0, 0, 1.0, -0.01, 0.01, 0.01
Map, FZ_M01_road01_AAL, -156.0, 0, 204.0, 0, 0.0, 0, 1.0, -0.01, 0.01, 0.01
Map, FZ_M01_road01_AAL, -132.0, 0, 204.0, 0, 0.0, 0, 1.0, -0.01, 0.01, 0.01
Map, FZ_M01_road01_AAL, -108.0, 0, 204.0, 0, 0.0, 0, 1.0, -0.01, 0.01, 0.01
Map, FZ_M01_road01_AAL, -84.0, 0, 204.0, 0, 0.0, 0, 1.0, -0.01, 0.01, 0.01
Map, FZ_M01_road01_AAL, -60.0, 0, 204.0, 0, 0.0, 0, 1.0, -0.01, 0.01, 0.01
Map, FZ_M01_road01_AAL, -36.0, 0, 204.0, 0, 0.0, 0, 1.0, -0.01, 0.01, 0.01
Map, FZ_M01_road01_AAL, -12.0, 0, 204.0, 0, 0.0, 0, 1.0, -0.01, 0.01, 0.01
Map, FZ_M01_road01_AAL, 12.0, 0, 204.0, 0, 0.0, 0, 1.0, -0.01, 0.01, 0.01
Map, FZ_M01_road01_AAL, 36.0, 0, 204.0, 0, 0.0, 0, 1.0, -0.01, 0.01, 0.01
Map, FZ_M01_road01_AAL, 60.0, 0, 204.0, 0, 0.0, 0, 1.0, -0.01, 0.01, 0.01
Map, FZ_M01_road01_AAL, 84.0, 0, 204.0, 0, 0.0, 0, 1.0, -0.01, 0.01, 0.01
Map, FZ_M01_road01_AAL, 108.0, 0, 204.0, 0, 0.0, 0, 1.0, -0.01, 0.01, 0.01
Map, FZ_M01_road01_AAL, 132.0, 0, 204.0, 0, 0.0, 0, 1.0, -0.01, 0.01, 0.01
Map, FZ_M01_road01_AAL, -180.0, 0, 204.0, 0, 0.0, 0, 1.0, -0.01, 0.01, 0.01
Map, FZ_M01_road01_AAL, -180.0, 0, 180.0, 0, 0.0, 0, 1.0, -0.01, 0.01, 0.01
Map, FZ_M01_road01_AAL, -180.0, 0, 156.0, 0, 0.0, 0, 1.0, -0.01, 0.01, 0.01
Map, FZ_M01_road01_AAL, 156.0, 0, 156.0, 0, 0.0, 0, 1.0, -0.01, 0.01, 0.01
Map, FZ_M01_road01_AAL, 156.0, 0, 180.0, 0, 0.0, 0, 1.0, -0.01, 0.01, 0.01
Map, FZ_M01_road01_AAL, 156.0, 0, 204.0, 0, 0.0, 0, 1.0, -0.01, 0.01, 0.01
Map, FZ_M01_road01_AAL, 36.0, 0, 108.0, 0, 0.0, 0, 1.0, -0.01, 0.01, 0.01
Map, FZ_M01_road01_AAL, 60.0, 0, 108.0, 0, 0.0, 0, 1.0, -0.01, 0.01, 0.01
Map, FZ_M01_road01_AAL, 84.0, 0, 108.0, 0, 0.0, 0, 1.0, -0.01, 0.01, 0.01
Map, FZ_M01_road01_AAL, 108.0, 0, 108.0, 0, 0.0, 0, 1.0, -0.01, 0.01, 0.01
Map, FZ_M01_road01_AAL, 132.0, 0, 108.0, 0, 0.0, 0, 1.0, -0.01, 0.01, 0.01
Map, FZ_M01_road01_AAL, 156.0, 0, 108.0, 0, 0.0, 0, 1.0, -0.01, 0.01, 0.01
Map, FZ_M01_road01_AAL, -36.0, 0, 108.0, 0, 0.0, 0, 1.0, -0.01, 0.01, 0.01
Map, FZ_M01_road01_AAL, -60.0, 0, 108.0, 0, 0.0, 0, 1.0, -0.01, 0.01, 0.01
Map, FZ_M01_road01_AAL, -84.0, 0, 108.0, 0, 0.0, 0, 1.0, -0.01, 0.01, 0.01
Map, FZ_M01_road01_AAL, -108.0, 0, 108.0, 0, 0.0, 0, 1.0, -0.01, 0.01, 0.01
Map, FZ_M01_road01_AAL, -132.0, 0, 108.0, 0, 0.0, 0, 1.0, -0.01, 0.01, 0.01
Map, FZ_M01_road01_AAL, -156.0, 0, 108.0, 0, 0.0, 0, 1.0, -0.01, 0.01, 0.01
Map, FZ_M01_road01_AAL, -180.0, 0, 108.0, 0, 0.0, 0, 1.0, -0.01, 0.01, 0.01
Map, FZ_M01_road01_AAL, -12.0, 0, 108.0, 0, 0.0, 0, 1.0, -0.01, 0.01, 0.01
Map, FZ_M01_road01_AAL, 12.0, 0, 108.0, 0, 0.0, 0, 1.0, -0.01, 0.01, 0.01
Map, FZ_M01_road01_AAL, 36.0, 0, 132.0, 0, 0.0, 0, 1.0, -0.01, 0.01, 0.01
Map, FZ_M01_road01_AAL, 84.0, 0, 132.0, 0, 0.0, 0, 1.0, -0.01, 0.01, 0.01
Map, FZ_M01_road01_AAL, 108.0, 0, 132.0, 0, 0.0, 0, 1.0, -0.01, 0.01, 0.01
Map, FZ_M01_road01_AAL, 132.0, 0, 132.0, 0, 0.0, 0, 1.0, -0.01, 0.01, 0.01
Map, FZ_M01_road01_AAL, 156.0, 0, 132.0, 0, 0.0, 0, 1.0, -0.01, 0.01, 0.01
Map, FZ_M01_road01_AAL, 60.0, 0, 132.0, 0, 0.0, 0, 1.0, -0.01, 0.01, 0.01
Map, FZ_M01_road01_AAL, -12.0, 0, 132.0, 0, 0.0, 0, 1.0, -0.01, 0.01, 0.01
Map, FZ_M01_road01_AAL, 12.0, 0, 132.0, 0, 0.0, 0, 1.0, -0.01, 0.01, 0.01
Map, FZ_M01_road01_AAL, -36.0, 0, 132.0, 0, 0.0, 0, 1.0, -0.01, 0.01, 0.01
Map, FZ_M01_road01_AAL, -84.0, 0, 132.0, 0, 0.0, 0, 1.0, -0.01, 0.01, 0.01
Map, FZ_M01_road01_AAL, -60.0, 0, 132.0, 0, 0.0, 0, 1.0, -0.01, 0.01, 0.01
Map, FZ_M01_road01_AAL, -108.0, 0, 132.0, 0, 0.0, 0, 1.0, -0.01, 0.01, 0.01
Map, FZ_M01_road01_AAL, -132.0, 0, 132.0, 0, 0.0, 0, 1.0, -0.01, 0.01, 0.01
Map, FZ_M01_road01_AAL, -156.0, 0, 132.0, 0, 0.0, 0, 1.0, -0.01, 0.01, 0.01
Map, FZ_M01_road01_AAL, -180.0, 0, 132.0, 0, 0.0, 0, 1.0, -0.01, 0.01, 0.01
Map, FZ_M01_road01_AAM, 84.0, 0, -12.0, 0, 0.0, 0, 1.0, -0.01, 0.01, 0.01
Map, FZ_M01_road01_AAM, -84.0, 0, 12.0, 0, 1.0, 0, 6.123233995736766e-17, -0.01, 0.01, 0.01
Map, FZ_M01_road01_AAN, 84.0, 0, -36.0, 0, 0.0, 0, 1.0, -0.01, 0.01, 0.01
Map, FZ_M01_road01_AAN, -84.0, 0, 36.0, 0, 1.0, 0, 6.123233995736766e-17, -0.01, 0.01, 0.01
Map, FZ_M01_road01_AAO, -84.0, 0, -12.0, 0, 1.0, 0, 6.123233995736766e-17, -0.01, 0.01, 0.01
Map, FZ_M01_road01_AAO, 84.0, 0, 12.0, 0, 0.0, 0, 1.0, -0.01, 0.01, 0.01
Map, FZ_M01_road01_AAP, 108.0, 0, -36.0, 0, 0.0, 0, 1.0, -0.01, 0.01, 0.01
Map, FZ_M01_road01_AAP, -108.0, 0, 36.0, 0, 1.0, 0, 6.123233995736766e-17, -0.01, 0.01, 0.01
Map, FZ_M01_road01_AAQ, 108.0, 0, -60.0, 0, 0.0, 0, 1.0, -0.01, 0.01, 0.01
Map, FZ_M01_road01_AAQ, -108.0, 0, 60.0, 0, 1.0, 0, 6.123233995736766e-17, -0.01, 0.01, 0.01
Map, FZ_M01_road01_AAR, 132.0, 0, -36.0, 0, 0.0, 0, 1.0, -0.01, 0.01, 0.01
Map, FZ_M01_road01_AAR, -132.0, 0, 36.0, 0, 1.0, 0, 6.123233995736766e-17, -0.01, 0.01, 0.01
Map, FZ_M01_road01_AAX, 132.0, 0, -60.0, 0, 0.0, 0, 1.0, -0.01, 0.01, 0.01
Map, FZ_M01_road01_AAX, -132.0, 0, 60.0, 0, 1.0, 0, 6.123233995736766e-17, -0.01, 0.01, 0.01
Map, FZ_M01_road01_AAY, 12.0, 0, 60.0, 0, 0.0, 0, 1.0, -0.01, 0.01, 0.01
Map, FZ_M01_road01_AAA, -12.0, 0, 84.0, 0, 0.0, 0, 1.0, -0.01, 0.01, 0.01
Map, FZ_M01_road01_AAA, 12.0, 0, 84.0, 0, 0.0, 0, 1.0, -0.01, 0.01, 0.01
Map, FZ_M01_road01_AAA, -156.0, 0, 84.0, 0, 0.0, 0, 1.0, -0.01, 0.01, 0.01
Map, FZ_M01_road01_AAA, -132.0, 0, 84.0, 0, 0.0, 0, 1.0, -0.01, 0.01, 0.01
Map, FZ_M01_road01_AAA, -108.0, 0, 84.0, 0, 0.0, 0, 1.0, -0.01, 0.01, 0.01
Map, FZ_M01_road01_AAA, -60.0, 0, 84.0, 0, 0.0, 0, 1.0, -0.01, 0.01, 0.01
Map, FZ_M01_road01_AAA, -36.0, 0, 84.0, 0, 0.0, 0, 1.0, -0.01, 0.01, 0.01
Map, FZ_M01_road01_AAA, -84.0, 0, 84.0, 0, 0.0, 0, 1.0, -0.01, 0.01, 0.01
Map, FZ_M01_road01_AAA, 36.0, 0, 84.0, 0, 0.0, 0, 1.0, -0.01, 0.01, 0.01
Map, FZ_M01_road01_AAA, 60.0, 0, 84.0, 0, 0.0, 0, 1.0, -0.01, 0.01, 0.01
Map, FZ_M01_road01_AAA, 108.0, 0, 84.0, 0, 0.0, 0, 1.0, -0.01, 0.01, 0.01
Map, FZ_M01_road01_AAA, 84.0, 0, 84.0, 0, 0.0, 0, 1.0, -0.01, 0.01, 0.01
Map, FZ_M01_road01_AAA, 132.0, 0, 84.0, 0, 0.0, 0, 1.0, -0.01, 0.01, 0.01
Map, FZ_M01_road01_AAA, 156.0, 0, 84.0, 0, 0.0, 0, 1.0, -0.01, 0.01, 0.01
Map, FZ_M01_road01_AAA, -180.0, 0, 84.0, 0, 0.0, 0, 1.0, -0.01, 0.01, 0.01
Map, FZ_M01_road01_AAZ, -12.0, 0, 60.0, 0, 0.0, 0, 1.0, -0.01, 0.01, 0.01
Map, FZ_M01_road01_AAS, 108.0, 0, -12.0, 0, 0.0, 0, 1.0, -0.01, 0.01, 0.01
Map, FZ_M01_road01_AAS, -108.0, 0, 12.0, 0, 1.0, 0, 6.123233995736766e-17, -0.01, 0.01, 0.01
Object, OZ_00_nk_tree01A, 10.6129, 0.251726, -8.21873, 0.0, 0.0, 0.0, 1.0, -0.01, 0.01, 0.01
Object, OZ_00_nk_tree01A, -9.87313, 0.251726, -8.22118, 0.0, 0.579655, 0.0, 0.814862, -0.01, 0.01, 0.01
Object, OZ_00_nk_tree01D, -108.99799999999999, 0.335297, 48.253, 0.0, 0.492424, 0.0, 0.870356, -0.01, 0.01, 0.01
Object, OZ_00_nk_tree01D, -28.300100000000004, 0.335297, 1.0725, 0.0, 0.0, 0.0, 1.0, -0.01, 0.01, 0.01
Object, OZ_00_nk_tree01D, 110.521, 0.335306, -49.562, 0.0, 0.0, 0.0, 1.0, -0.01, 0.01, 0.01
Object, OZ_00_nk_tree01D, -72.7194, 0.335297, 7.277200000000001, 0.0, 0.0, 0.0, 1.0, -0.01, 0.01, 0.01
Object, OZ_00_nk_tree01E, 28.3777, 0.292047, -1.68563, 0.0, 0.0, 0.0, 1.0, -0.0128058, 0.0128058, 0.0128058
Object, OZ_00_nk_tree01E, 72.7, 0.292047, -5.41752, 0.0, 0.0, 0.0, 1.0, -0.0128058, 0.0128058, 0.0128058
Object, OZ_04_er_plant01A, -78.1719, 0.0, 4.35575, 0.0, 0.0, 0.0, 1.0, -0.01, 0.01, 0.01
Object, OZ_04_ma_plant02A, 34.1477, 0.0, 6.061520000000001, 0.0, 0.0, 0.0, 1.0, -0.01, 0.01, 0.01
Object, OZ_04_ma_plant03A, 33.516, 0.0, 6.21499, 0.0, 0.0, 0.0, 1.0, -0.01, 0.01, 0.01
Object, OZ_04_ma_plant03A, 7.5068600000000005, 0.0, 62.7119, 0.0, 0.0, 0.0, 1.0, -0.01, 0.01, 0.01
Object, OZ_04_ma_plant03A, 7.60294, 0.0, 27.846999999999998, 0.0, 0.0, 0.0, 1.0, -0.01, 0.01, 0.01
Object, OZ_04_ma_plant03A, 81.1242, 0.0, -28.621399999999998, 0.0, 0.382683, 0.0, 0.92388, -0.01, 0.01, 0.01
Object, OZ_04_ma_plant03A, 61.5099, 0.0, 6.299980000000001, 0.0, 0.0, 0.0, 1.0, -0.01, 0.01, 0.01
Object, OZ_04_ma_plant04A, -11.4985, 0.0, 17.3125, 0.0, 0.909961, 0.0, -0.414693, -0.01, 0.01, 0.01
Object, OZ_04_ma_plant04A, -17.9662, 0.0, 10.948599999999999, 0.0, 0.0, 0.0, 1.0, -0.01, 0.01, 0.01
Object, OZ_04_ma_plant04A, -8.33304, 0.0, 20.3842, 0.0, 0.838671, 0.0, 0.544639, -0.01, 0.01, 0.01
Object, OZ_04_ma_plant04A, -7.732060000000001, 0.0, 21.080700000000004, 0.0, 0.0, 0.0, 1.0, -0.01, 0.01, 0.01
Object, OZ_04_ma_plant04A, -7.01297, 0.0, 60.7311, 0.0, 0.0, 0.0, 1.0, -0.01, 0.01, 0.01
Object, OZ_04_ma_plant04A, -18.9414, 0.0, 9.92606, 0.0, 0.961262, 0.0, -0.275637, -0.01, 0.01, 0.01
Object, OZ_04_ma_plant04A, -7.02656, 0.0, 42.2883, 0.0, 0.766044, 0.0, 0.642788, -0.01, 0.01, 0.01
Object, OZ_04_ma_plant04A, 7.002730000000001, 0.0, 45.8093, 0.0, 0.0, 0.0, 1.0, -0.01, 0.01, 0.01
Object, OZ_04_ma_plant04A, -36.7585, 0.0, 8.85462, 0.0, 0.0, 0.0, 1.0, -0.01, 0.01, 0.01
Object, OZ_04_ma_plant04A, -29.9391, 0.0, 8.85462, 0.0, -0.608761, 0.0, 0.793353, -0.01, 0.01, 0.01
Object, OZ_04_ma_plant04A, 8.222999999999999, 0.0, 21.2564, 0.0, 0.798635, 0.0, 0.601815, -0.01, 0.01, 0.01
Object, OZ_04_ma_plant04A, -12.0786, 0.0, 16.73, 0.0, 0.0, 0.0, 1.0, -0.01, 0.01, 0.01
Object, OZ_04_ma_plant05A, 58.648199999999996, 0.0, -9.18449, 0.0, 0.0, 0.0, 1.0, -0.01, 0.01, 0.01
Object, OZ_04_ma_plant06A, 58.33350000000001, 0.0, -9.155050000000001, 0.0, 0.0, 0.0, 1.0, -0.01, 0.01, 0.01
Object, OZ_04_ma_plant07A, 80.7489, 0.0, -28.185100000000002, 0.0, 0.382683, 0.0, 0.92388, -0.01, 0.01, 0.01
Object, OZ_04_ma_plant08A, 68.78229999999999, 0.0, 5.23589, 0.0, 0.0, 0.0, 1.0, -0.01, 0.01, 0.01
Object, OZ_04_ma_plant08A, -37.9816, 0.741461, 9.053189999999999, 0.0, -0.382684, 0.0, 0.923879, -0.01, 0.01, 0.01
Object, OZ_04_ma_plant09A, -6.9278200000000005, 0.0, 60.00470000000001, 0.0, 0.0, 0.0, 1.0, -0.01, 0.01, 0.01
Object, OZ_04_ma_plant09A, 68.5968, 0.0, -15.8586, 0.0, 0.461749, 0.0, 0.887011, -0.01, 0.01, 0.01
Object, OZ_04_ma_plant10A, 7.65727, 0.0, 28.534000000000002, 0.0, 0.0, 0.0, 1.0, -0.01, 0.01, 0.01
Object, OZ_04_ma_plant10A, -81.8174, 0.0, 29.1584, 0.0, 0.573577, 0.0, 0.819152, -0.01, 0.01, 0.01
Object, OZ_04_ma_plant10A, 13.1721, 0.0, 15.9768, 0.0, 0.0, 0.0, 1.0, -0.01, 0.01, 0.01
Object, OZ_04_ma_plant10A, 7.40972, 0.0, 30.4825, 0.0, 0.469472, 0.0, 0.882948, -0.01, 0.01, 0.01
Object, OZ_04_ma_plant10A, -72.9081, 0.0, -0.8405800000000001, 0.0, 0.0, 0.0, 1.0, -0.01, 0.01, 0.01
Object, OZ_04_ma_plant10A, 8.756079999999999, 0.0, 20.689600000000002, 0.0, 0.0, 0.0, 1.0, -0.01, 0.01, 0.01
Object, OZ_04_ma_plant10A, -9.01735, 0.0, -16.5236, 0.0, 0.0, 0.0, 1.0, -0.01, 0.01, 0.01
Object, OZ_04_ma_plant10A, -9.05948, 0.0, -14.6655, 0.0, 0.300706, 0.0, 0.953717, -0.01, 0.01, 0.01
Object, OZ_04_ma_plant10A, 7.346520000000001, 0.0, 38.289, 0.0, 0.0, 0.0, 1.0, -0.01, 0.01, 0.01
Object, OZ_04_ma_plant10A, 9.24222, 0.0, -16.663, 0.0, 0.573577, 0.0, 0.819152, -0.01, 0.01, 0.01
Object, OZ_04_ma_plant10A, -10.969700000000001, 0.0, -14.6655, 0.0, 0.300706, 0.0, 0.953717, -0.01, 0.01, 0.01
Object, OZ_04_ma_plant10A, 11.1401, 0.0, -14.7556, 0.0, 0.0871558, 0.0, 0.996195, -0.01, 0.01, 0.01
Object, OZ_04_ma_plant10A, -8.52886, 4.01631, -19.4222, 0.0, 0.300706, 0.0, 0.953717, -0.01, 0.01, 0.01
Object, OZ_04_ma_plant10A, 7.62334, 4.01631, -19.4222, 0.0, 0.300706, 0.0, 0.953717, -0.01, 0.01, 0.01
Object, OZ_04_ma_plant10A, 68.6525, 0.0, -12.595699999999999, 0.0, 0.0, 0.0, 1.0, -0.01, 0.01, 0.01
Object, OZ_04_ma_plant10A, -84.7565, 0.0, 32.0006, 0.0, 0.573577, 0.0, 0.819152, -0.01, 0.01, 0.01
Object, OZ_04_ma_plant10A, 36.074000000000005, 0.0, 5.99911, 0.0, 0.0, 0.0, 1.0, -0.01, 0.01, 0.01
Object, OZ_04_ma_plant10A, 41.4634, 0.0, 5.99911, 0.0, 0.0, 0.0, 1.0, -0.01, 0.01, 0.01
Object, OZ_04_ma_plant10A, -6.94579, 0.0, 35.2645, 0.0, 0.0, 0.0, 1.0, -0.01, 0.01, 0.01
Object, OZ_04_ma_plant10A, -6.94579, 0.0, 32.583600000000004, 0.0, 0.0, 0.0, 1.0, -0.01, 0.01, 0.01
Object, OZ_04_ma_plant10A, -6.64395, 0.0, 54.255, 0.0, 0.0, 0.0, 1.0, -0.01, 0.01, 0.01
Object, OZ_04_ma_plant10A, -72.2835, 0.0, 19.761300000000002, 0.0, 0.0, 0.0, 1.0, -0.01, 0.01, 0.01
Object, OZ_04_ma_plant10A, 9.14274, 0.0, -14.7556, 0.0, 0.300706, 0.0, 0.953717, -0.01, 0.01, 0.01
Object, OZ_04_ma_plant10A, 67.5597, -0.00415047, 5.965929999999999, 0.0, 0.0, 0.0, 1.0, -0.01, 0.01, 0.01
Object, OZ_04_ma_plant10A, -43.3458, 0.0, 8.86193, 0.0, 0.0, 0.0, 1.0, -0.01, 0.01, 0.01
Object, OZ_04_ma_plant10A, 7.62923, 0.0, 45.2854, 0.0, 0.0, 0.0, 1.0, -0.01, 0.01, 0.01
Object, OZ_04_ma_plant10B, 27.5022, 0.0, -8.97997, 0.0, 0.461749, 0.0, 0.887011, -0.01, 0.01, 0.01
Object, OZ_04_ma_plant10B, 20.2106, 0.0, -8.73366, 0.0, 0.461749, 0.0, 0.887011, -0.01, 0.01, 0.01
Object, OZ_04_ma_plant11A, 7.522150000000001, 0.0, 60.9323, 0.0, 0.0, 0.0, 1.0, -0.01, 0.01, 0.01
Object, OZ_04_ma_plant11A, -29.0706, 0.0, 8.82569, 0.0, 0.0, 0.0, 1.0, -0.01, 0.01, 0.01
Object, OZ_04_ma_plant11A, 7.522150000000001, 0.0, 60.2679, 0.0, 0.422618, 0.0, 0.906308, -0.01, 0.01, 0.01
Object, OZ_04_ma_plant11A, 69.1872, 0.0, 4.9899700000000005, 0.0, 0.422618, 0.0, 0.906308, -0.01, 0.01, 0.01
Object, OZ_04_ma_plant11A, 5.5851999999999995, 0.0, -12.427200000000001, 0.0, 0.0871557, 0.0, 0.996195, -0.01, 0.01, 0.01
Object, OZ_04_ma_plant11A, 58.5378, 0.0, -9.02581, 0.0, 0.0, 0.0, 1.0, -0.01, 0.01, 0.01
Object, OZ_04_ma_plant11A, 57.8842, 0.0, -9.08883, 0.0, 0.0, 0.0, 1.0, -0.01, 0.01, 0.01
Object, OZ_04_ma_plant11A, -7.27712, 0.0, -12.496099999999998, 0.0, 0.0, 0.0, 1.0, -0.01, 0.01, 0.01
Object, OZ_04_ma_plant11A, 6.88216, 0.0, -12.427200000000001, 0.0, 0.422618, 0.0, 0.906308, -0.01, 0.01, 0.01
Object, OZ_04_ma_plant11A, -5.96152, 0.0, -12.5107, 0.0, 0.422618, 0.0, 0.906308, -0.01, 0.01, 0.01
Object, OZ_04_ma_plant11A, -77.7838, 0.0, 3.74675, 0.0, 0.0, 0.0, 1.0, -0.01, 0.01, 0.01
Object, OZ_10_ma_station01A, 4.88122, 0.0, 99.97030000000001, 0.0, 0.0, 0.0, 1.0, -0.01, 0.01, 0.01
Object, OZ_20_er_rack01A, 66.4646, 0.0, 6.2603599999999995, 0.0, 0.0, 0.0, 1.0, -0.01, 0.01, 0.01
Object, OZ_20_er_rack01A, -68.6666, 1.13631e-06, -5.410170000000001, 0.0, 0.92388, 0.0, -0.382683, -0.01, 0.01, 0.01
Object, OZ_20_ks_board02B, -20.2279, 0.0, 9.21983, 0.0371747, 0.0, 0.0, 0.999309, -0.01, 0.01, 0.01
Object, OZ_20_ks_board03A, 7.670560000000001, 8.9925, 53.7433, 0.0, 1.0, 0.0, 0.0, -0.01, 0.01, 0.01
Object, OZ_20_ks_board03A, -51.8848, 8.80505, 9.15251, 0.0, 0.707107, 0.0, 0.707107, -0.01, 0.01, 0.01
Object, OZ_20_ks_cone01A, 29.5167, 0.0, 5.644690000000001, 0.0, 0.0, 0.0, 1.0, -0.01, 0.01, 0.01
Object, OZ_20_ks_cone01A, 30.305100000000003, 0.0, 5.77969, 0.0, 0.0, 0.0, 1.0, -0.01, 0.01, 0.01
Object, OZ_20_ks_cone01A, 28.335500000000003, 0.0, 5.4308000000000005, 0.0, 0.0, 0.0, 1.0, -0.01, 0.01, 0.01
Object, OZ_20_ks_pbucket01A, -84.34219999999999, 0.0, 10.6434, 0.0, 0.0, 0.0, 1.0, -0.01, 0.01, 0.01
Object, OZ_20_ks_pbucket01A, -6.620850000000001, 0.0, 29.587500000000002, 0.0, 0.0, 0.0, 1.0, -0.01, 0.01, 0.01
Object, OZ_20_ks_pbucket01A, -6.9198, 0.0, 30.4068, 0.0, 0.0, 0.0, 1.0, -0.01, 0.01, 0.01
Object, OZ_20_ma_obj02B, 2.80714, 5.98749, 87.5811, 0.0, 0.0, 0.0, 1.0, -0.01, 0.01, 0.01
Object, OZ_20_nk_bicycle01A, 70.9263, 0.0, -17.1926, 0.0, 0.382683, 0.0, 0.92388, -0.01, 0.01, 0.01
Object, OZ_20_nk_bicycle01A, 70.7142, 0.0, -16.5326, 0.0, 0.21644, 0.0, 0.976296, -0.01, 0.01, 0.01
Object, OZ_20_nk_bicycle01A, -6.09119, 0.0, 36.8628, 0.0, 0.608761, 0.0, 0.793353, -0.01, 0.01, 0.01
Object, OZ_20_nk_bicycle01A, -74.6444, 0.0, 22.365000000000002, 0.0, 0.996195, 0.0, -0.0871558, -0.01, 0.01, 0.01
Object, OZ_20_nk_bicycle01A, 69.8601, 0.0, -15.8651, 0.0, 0.382683, 0.0, 0.92388, -0.01, 0.01, 0.01
Object, OZ_20_nk_bicycle01A, -6.3340700000000005, 0.0, 47.715, 0.0, 0.608761, 0.0, 0.793353, -0.01, 0.01, 0.01
Object, OZ_20_nk_bicycle01A, -5.94754, 0.0, 47.008599999999994, 0.0, 0.67559, 0.0, 0.737277, -0.01, 0.01, 0.01
Object, OZ_20_nk_bicycle01A, -73.5631, 0.0, 0.227092, 0.0, -0.0871557, 0.0, 0.996195, -0.01, 0.01, 0.01
Object, OZ_20_nk_bicycle01A, -62.635200000000005, 0.0, -5.8254600000000005, 0.0, -0.173648, 0.0, 0.984808, -0.01, 0.01, 0.01
Object, OZ_20_nk_bicycle01A, -66.3454, 0.0, -5.8254600000000005, 0.0, -0.0871557, 0.0, 0.996195, -0.01, 0.01, 0.01
Object, OZ_20_nk_bicycle01A, -40.251599999999996, 0.0, -5.75697, 0.0, -0.0871557, 0.0, 0.996195, -0.01, 0.01, 0.01
Object, OZ_20_nk_bicycle01A, -39.5552, 0.0, -5.4976, 0.0, -0.0871557, 0.0, 0.996195, -0.01, 0.01, 0.01
Object, OZ_20_nk_bicycle01A, -38.7112, 0.0, -5.35237, 0.0, 0.0436194, 0.0, 0.999048, -0.01, 0.01, 0.01
Object, OZ_20_nk_bicycle01A, -40.9832, 0.0, -5.4976, 0.0, -0.173648, 0.0, 0.984808, -0.01, 0.01, 0.01
Object, OZ_20_nk_bicycle01A, -37.9958, 0.0, -5.4976, 0.0, 0.0436194, 0.0, 0.999048, -0.01, 0.01, 0.01
Object, OZ_20_nk_bicycle01A, -63.86300000000001, 0.0, -6.13603, 0.0, -0.0871557, 0.0, 0.996195, -0.01, 0.01, 0.01
Object, OZ_20_nk_bicycle01A, -64.78880000000001, 0.0, -5.86334, 0.0, -0.0871557, 0.0, 0.996195, -0.01, 0.01, 0.01
Object, OZ_20_nk_bicycle01A, -23.962500000000002, 0.0, -5.4976, 0.0, -0.0871557, 0.0, 0.996195, -0.01, 0.01, 0.01
Object, OZ_20_nk_bicycle01A, 32.7492, 0.0, 5.561280000000001, 0.0, 0.999048, 0.0, -0.0436195, -0.01, 0.01, 0.01
Object, OZ_20_nk_bicycle01A, 22.8946, 0.0, -8.22602, 0.0, -0.21644, 0.0, 0.976296, -0.01, 0.01, 0.01
Object, OZ_20_nk_bicycle01A, 22.293699999999998, 0.0, -8.22602, 0.0, -0.21644, 0.0, 0.976296, -0.01, 0.01, 0.01
Object, OZ_20_nk_bicycle01A, 26.7014, 0.0, 6.09971, 0.0, 0.996195, 0.0, 0.0871558, -0.01, 0.01, 0.01
Object, OZ_20_nk_bicycle01A, 26.1012, 0.0, 5.804270000000001, 0.0, 0.976296, 0.0, 0.21644, -0.01, 0.01, 0.01
Object, OZ_20_nk_bicycle01A, 75.798, 0.0, -22.1085, 0.0, 0.382683, 0.0, 0.92388, -0.01, 0.01, 0.01
Object, OZ_20_nk_bicycle01A, 23.0244, 0.0, 6.15834, 0.0, 0.996195, 0.0, 0.0871558, -0.01, 0.01, 0.01
Object, OZ_20_nk_bicycle01A, 22.293699999999998, 0.0, 5.93351, 0.0, 0.996195, 0.0, 0.0871558, -0.01, 0.01, 0.01
Object, OZ_20_nk_bicycle01A, 21.561799999999998, 0.0, 6.129600000000001, 0.0, 0.976296, 0.0, 0.21644, -0.01, 0.01, 0.01
Object, OZ_20_nk_bicycle01A, -83.6592, 0.0, 9.751380000000001, 0.0, 0.258819, 0.0, 0.965926, -0.01, 0.01, 0.01
Object, OZ_20_nk_bicycle01A, 75.28970000000001, 0.0, -21.6323, 0.0, 0.382683, 0.0, 0.92388, -0.01, 0.01, 0.01
Object, OZ_20_nk_bicycle01A, -20.910100000000003, 0.0, -5.4976, 0.0, -0.173648, 0.0, 0.984808, -0.01, 0.01, 0.01
Object, OZ_20_nk_bicycle01A, -22.596300000000003, 0.0, -5.4976, 0.0, -0.0871557, 0.0, 0.996195, -0.01, 0.01, 0.01
Object, OZ_20_nk_bicycle01A, -28.4458, 0.0, 8.28729, 0.0, 0.965926, 0.0, -0.258819, -0.01, 0.01, 0.01
Object, OZ_20_nk_bicycle01A, -83.2801, 0.0, 9.15451, 0.0, 0.461749, 0.0, 0.887011, -0.01, 0.01, 0.01
Object, OZ_20_nk_bicycle01A, -82.2623, 0.0, 8.97615, 0.0, 0.34202, 0.0, 0.939693, -0.01, 0.01, 0.01
Object, OZ_20_nk_bicycle01A, -89.4004, 0.0, 15.997000000000002, 0.0, 0.0, 0.0, 1.0, -0.01, 0.01, 0.01
Object, OZ_20_nk_bicycle01A, 7.42087, 0.0, 52.4233, 0.0, -0.766044, 0.0, 0.642788, -0.01, 0.01, 0.01
Object, OZ_20_nk_bicycle01A, -35.898, 0.0, 8.69578, 0.0, -0.819152, 0.0, 0.573576, -0.01, 0.01, 0.01
Object, OZ_20_nk_bicycle01A, -6.3340700000000005, 0.0, 55.963, 0.0, 0.608761, 0.0, 0.793353, -0.01, 0.01, 0.01
Object, OZ_20_nk_bicycle01A, -6.3340700000000005, 0.0, 55.0878, 0.0, 0.766044, 0.0, 0.642788, -0.01, 0.01, 0.01
Object, OZ_20_nk_bicycle01A, 80.7088, 0.0, -27.0485, 0.0, 0.382683, 0.0, 0.92388, -0.01, 0.01, 0.01
Object, OZ_20_nk_bicycle01A, -6.3340700000000005, 0.0, 62.1114, 0.0, 0.766044, 0.0, 0.642788, -0.01, 0.01, 0.01
Object, OZ_20_nk_bicycle01A, -6.3340700000000005, 0.0, 61.5041, 0.0, 0.67559, 0.0, 0.737277, -0.01, 0.01, 0.01
Object, OZ_20_nk_bicycle01A, 6.92732, 0.0, 63.3673, 0.0, -0.737277, 0.0, 0.67559, -0.01, 0.01, 0.01
Object, OZ_20_nk_bicycle01A, 6.5355, 0.0, 64.1808, 0.0, -0.793353, 0.0, 0.608761, -0.01, 0.01, 0.01
Object, OZ_20_nk_bicycle01A, 6.88497, 0.0, 64.7518, 0.0, -0.819152, 0.0, 0.573576, -0.01, 0.01, 0.01
Object, OZ_20_nk_bicycle01A, -65.6288, 0.0, 9.05918, 0.0, 0.999848, 0.0, 0.0174524, -0.01, 0.01, 0.01
Object, OZ_20_nk_bicycle01A, -6.35476, 0.0, 36.144800000000004, 0.0, 0.707107, 0.0, 0.707107, -0.01, 0.01, 0.01
Object, OZ_20_nk_bicycle01A, -6.35476, 0.0, 50.9088, 0.0, 0.707107, 0.0, 0.707107, -0.01, 0.01, 0.01
Object, OZ_20_nk_bicycle01A, 81.3333, 0.0, -27.2166, 0.0, 0.382683, 0.0, 0.92388, -0.01, 0.01, 0.01
Object, OZ_20_nk_bicycle01A, -98.60450000000002, -0.000235602, 45.2512, 0.0, 0.965926, 0.0, -0.258819, -0.01, 0.01, 0.01
Object, OZ_20_nk_bicycle01A, -98.04, -0.00658994, 44.706700000000005, 0.0, 0.906308, 0.0, -0.422618, -0.01, 0.01, 0.01
Object, OZ_20_nk_bicycle01A, -7.27576, 0.0, 23.4692, 0.0, 0.976296, 0.0, 0.21644, -0.01, 0.01, 0.01
Object, OZ_20_nk_bicycle01A, -6.11176, 0.0, 52.194300000000005, 0.0, 0.707107, 0.0, 0.707107, -0.01, 0.01, 0.01
Object, OZ_20_nk_bicycle01A, 6.94692, 0.0, 23.2289, 0.0, 0.939693, 0.0, -0.34202, -0.01, 0.01, 0.01
Object, OZ_20_nk_bicycle01A, 6.94692, 0.0, 24.176, 0.0, -0.766044, 0.0, 0.642788, -0.01, 0.01, 0.01
Object, OZ_20_nk_bicycle01A, 50.473000000000006, 0.0, 5.59793, 0.0, 0.984808, 0.0, 0.173648, -0.01, 0.01, 0.01
Object, OZ_20_nk_bicycle01A, 6.94692, 0.0, 47.4491, 0.0, -0.766044, 0.0, 0.642788, -0.01, 0.01, 0.01
Object, OZ_20_nk_bicycle01A, 53.081700000000005, 0.0, -8.27931, 0.0, -0.21644, 0.0, 0.976296, -0.01, 0.01, 0.01
Object, OZ_20_nk_bicycle01A, 53.889399999999995, 0.0, -8.27931, 0.0, 0.0436192, 0.0, 0.999048, -0.01, 0.01, 0.01
Object, OZ_20_nk_bicycle01A, 54.4662, 0.0, -8.27931, 0.0, -0.0871559, 0.0, 0.996195, -0.01, 0.01, 0.01
Object, OZ_20_nk_bicycle01A, 55.104, 0.0, -8.27931, 0.0, -1.50996e-07, 0.0, 1.0, -0.01, 0.01, 0.01
Object, OZ_20_nk_bicycle01A, 49.83350000000001, 0.0, 5.59793, 0.0, 0.984808, 0.0, 0.173648, -0.01, 0.01, 0.01
Object, OZ_20_nk_bicycle01A, 7.42087, 0.0, 48.0206, 0.0, -0.766044, 0.0, 0.642788, -0.01, 0.01, 0.01
Object, OZ_20_nk_bicycle01A, 6.89775, 0.0, 55.2697, 0.0, -0.766044, 0.0, 0.642788, -0.01, 0.01, 0.01
Object, OZ_20_nk_bicycle01A, -6.3398, 0.0, 53.0188, 0.0, 0.642788, 0.0, 0.766044, -0.01, 0.01, 0.01
Object, OZ_20_nk_bicycle01A, -7.12258, 0.0, 24.537800000000004, 0.0, 0.642788, 0.0, 0.766044, -0.01, 0.01, 0.01
Object, OZ_20_nk_bicycle01A, -7.12258, 0.0, 28.005100000000002, 0.0, 0.642788, 0.0, 0.766044, -0.01, 0.01, 0.01
Object, OZ_20_nk_bicycle01A, 29.6483, 0.0, 6.21797, 0.0, 0.707107, 0.0, 0.707107, -0.01, 0.01, 0.01
Object, OZ_20_nk_bicycle01A, 32.0326, 0.0, 5.546860000000001, 0.0, 0.976296, 0.0, 0.21644, -0.01, 0.01, 0.01
Object, OZ_20_nk_bicycle01A, 25.336, 0.0, 6.2884, 0.0, 0.999048, 0.0, -0.0436193, -0.01, 0.01, 0.01
Object, OZ_20_nk_bicycle01A, 74.7024, 0.0, -0.272258, 0.0, 0.991445, 0.0, -0.130526, -0.01, 0.01, 0.01
Object, OZ_20_nk_bicycle01A, -7.12258, 0.0, 28.701700000000002, 0.0, 0.5373, 0.0, 0.843391, -0.01, 0.01, 0.01
Object, OZ_20_nk_bicycle01B, 28.6659, 0.0, 5.4924800000000005, 0.0, 0.996195, 0.0, 0.0871558, -0.01, 0.01, 0.01
Object, OZ_20_nk_bicycle01B, 31.4125, 0.0, 5.4924800000000005, 0.0, 0.996195, 0.0, 0.0871558, -0.01, 0.01, 0.01
Object, OZ_20_nk_bicycle01C, -34.8536, 0.0, 8.15683, 0.0, 0.996917, 0.0, 0.078459, -0.01, 0.01, 0.01
Object, OZ_20_nk_bicycle01C, -21.790300000000002, 0.0, -5.65163, 0.0, -0.173648, 0.0, 0.984808, -0.01, 0.01, 0.01
Object, OZ_20_nk_bicycle01D, -23.2863, 0.0, -5.45458, 0.0, -0.130526, 0.0, 0.991445, -0.01, 0.01, 0.01
Object, OZ_20_nk_bicycle01D, -41.967, 0.0, -5.45458, 0.0, -0.130526, 0.0, 0.991445, -0.01, 0.01, 0.01
Object, OZ_20_nk_bicycle01D, -65.6918, 0.0, -6.1082399999999994, 0.0, -0.130526, 0.0, 0.991445, -0.01, 0.01, 0.01
Object, OZ_20_nk_bicycle01D, -66.46350000000001, 0.0, 9.00049, 0.0, 0.990268, 0.0, 0.139173, -0.01, 0.01, 0.01
Object, OZ_20_nk_car01A, -4.95256, 0.0, 82.04360000000001, 0.0, 0.707107, 0.0, 0.707107, -0.01, 0.01, 0.01
Object, OZ_20_se_bench01A, 68.58970000000001, 0.0, -10.7431, 0.0, -0.707107, 0.0, 0.707107, -0.0100942, 0.01, 0.00990673
Object, OZ_20_se_bench01A, -94.77250000000001, 0.0, 20.5856, 0.0, 0.922184, 0.0, -0.386752, -0.01, 0.01, 0.01
Object, OZ_20_se_bench01A, 68.58970000000001, 0.0, -14.431300000000002, 0.0, -0.707107, 0.0, 0.707107, -0.0100942, 0.01, 0.00990673
Object, OZ_20_se_bench01A, -42.0607, 0.0, 9.0242, 0.0, 0.0, 0.0, 1.0, -0.01, 0.01, 0.01
Object, OZ_20_se_box01A, 63.2662, 0.0, 6.00558, 0.0, -0.707107, 0.0, 0.707107, -0.01, 0.01, 0.01
Object, OZ_20_se_box01A, -26.2121, 0.0, -6.05458, 0.0, 0.130526, 0.0, 0.991445, -0.01, 0.01, 0.01
Object, OZ_20_se_box01A, -27.100900000000003, 0.0, -6.05458, 0.0, 0.0, 0.0, 1.0, -0.01, 0.01, 0.01
Object, OZ_20_se_box01A, -69.517, 6.99075e-05, -4.35881, 0.0, 0.130526, 0.0, 0.991445, -0.01, 0.01, 0.01
Object, OZ_20_se_box01A, -71.4941, 6.99075e-05, -2.3639, 0.0, 0.130526, 0.0, 0.991445, -0.01, 0.01, 0.01
Object, OZ_20_se_box01A, 62.128, 0.0, 6.0225, 0.0, -0.707107, 0.0, 0.707107, -0.01, 0.01, 0.01
Object, OZ_20_se_box01A, 62.912600000000005, 0.546246, 6.00558, 0.0, -0.130526, 0.0, 0.991445, -0.01, 0.01, 0.01
Object, OZ_20_se_box01A, 62.6968, 0.0, 6.00558, 0.0, -0.707107, 0.0, 0.707107, -0.01, 0.01, 0.01
Object, OZ_20_se_box01A, -72.1089, 6.99075e-05, -1.71487, 0.0, 0.382683, 0.0, 0.92388, -0.01, 0.01, 0.01
Object, OZ_20_se_chair01A, 14.9273, -0.020616400000000003, 12.133099999999999, 0.0, 0.996195, 0.0, -0.0871559, -0.01, 0.01, 0.01
Object, OZ_20_se_chair01A, -10.0403, 0.0, 16.9967, 0.0, 0.991445, 0.0, 0.130526, -0.01, 0.01, 0.01
Object, OZ_20_se_chair01A, -8.260940000000002, 0.0, 18.0433, 0.0, -0.300706, 0.0, 0.953717, -0.01, 0.01, 0.01
Object, OZ_20_se_chair01A, -6.66274, 0.0, 17.6112, 0.000871849, 0.999048, 3.80584e-05, 0.0436194, -0.01, 0.01, 0.01
Object, OZ_20_se_chair01A, -5.7429499999999996, 0.0, 14.0822, 0.0, 0.21644, 0.0, 0.976296, -0.01, 0.01, 0.01
Object, OZ_20_se_chair01A, -8.28749, 0.0, 11.1108, 0.0, 0.0871558, 0.0, 0.996195, -0.01, 0.01, 0.01
Object, OZ_20_se_chair01A, -9.721820000000001, 0.0, 11.033900000000001, 0.0, 1.0, 0.0, -1.62921e-07, -0.01, 0.01, 0.01
Object, OZ_20_se_chair01A, 25.4541, 0.0, -8.99995, 0.0, 0.707107, 0.0, 0.707107, -0.01, 0.01, 0.01
Object, OZ_20_se_chair01A, -14.2825, 0.0, 7.273429999999999, 0.0, 0.976296, 0.0, 0.216439, -0.01, 0.01, 0.01
Object, OZ_20_se_chair01A, 7.442200000000001, 0.0, 39.2036, 0.0, 0.707107, 0.0, 0.707107, -0.01, 0.01, 0.01
Object, OZ_20_se_chair01A, 7.019220000000001, 0.0, 41.1598, 0.0, -0.766044, 0.0, 0.642788, -0.01, 0.01, 0.01
Object, OZ_20_se_chair01A, 12.444500000000001, 0.0, 7.63614, 0.0, 0.21644, 0.0, 0.976296, -0.01, 0.01, 0.01
Object, OZ_20_se_chair01A, 13.005899999999999, 0.0, 10.833, 0.0, -0.793353, 0.0, 0.608761, -0.01, 0.01, 0.01
Object, OZ_20_se_chair01A, -17.7885, 0.0, 8.35796, 0.0, 0.976296, 0.0, 0.216439, -0.01, 0.01, 0.01
Object, OZ_20_se_chair01A, -12.6371, 0.0, 7.97612, 0.0, -0.216439, 0.0, 0.976296, -0.01, 0.01, 0.01
Object, OZ_20_se_chair01A, 26.178, 0.0, -8.99995, 0.0, 0.707107, 0.0, 0.707107, -0.01, 0.01, 0.01
Object, OZ_20_se_chair01A, -13.212100000000001, 0.0, 6.44179, 0.0, 0.707107, 0.0, 0.707107, -0.01, 0.01, 0.01
Object, OZ_20_se_chair01A, 11.3423, -0.00368634, 8.89779, 0.0, -0.843391, 0.0, 0.5373, -0.01, 0.01, 0.01
Object, OZ_20_se_chair01A, 15.2953, 0.0, 8.71823, 0.0, 0.737277, 0.0, 0.67559, -0.01, 0.01, 0.01
Object, OZ_20_se_chair01A, 26.8852, 0.0, -8.99995, 0.0, 0.707107, 0.0, 0.707107, -0.01, 0.01, 0.01
Object, OZ_20_se_chair01A, 15.0225, 0.0, 10.186300000000001, 0.0, -0.737277, 0.0, 0.67559, -0.01, 0.01, 0.01
Object, OZ_20_se_chair01A, 16.9282, 0.0, 9.41178, 0.0, 0.953717, 0.0, -0.300706, -0.01, 0.01, 0.01
Object, OZ_20_se_chair01A, 18.6106, 0.0, 8.32765, 0.0, 0.382683, 0.0, 0.92388, -0.01, 0.01, 0.01
Object, OZ_20_se_chair01A, 15.511400000000002, 0.0, 6.79811, 0.0, 0.996195, 0.0, -0.0871559, -0.01, 0.01, 0.01
Object, OZ_20_se_chair01A, 16.8737, 0.0, 6.54918, 0.0, 0.173648, 0.0, 0.984808, -0.01, 0.01, 0.01
Object, OZ_20_se_cone01A, 49.6254, 0.0, 4.67092, 0.0, 0.0, 0.0, 1.0, -0.01, 0.01, 0.01
Object, OZ_20_se_cone01A, 50.6617, 0.0, 4.3846, 0.0, 0.0, 0.0, 1.0, -0.01, 0.01, 0.01
Object, OZ_20_se_fan01A, -7.08053, 5.34696, 45.028999999999996, 0.0, -0.737277, 0.0, 0.67559, -0.01, 0.01, 0.01
Object, OZ_20_se_fan01A, -7.08053, 5.34696, 43.801899999999996, 0.0, -0.737277, 0.0, 0.67559, -0.01, 0.01, 0.01
Object, OZ_20_se_fan01A, 7.82249, 5.34696, 54.6437, 0.0, 0.67559, 0.0, 0.737277, -0.01, 0.01, 0.01
Object, OZ_20_se_fan01A, -36.9852, 5.34696, 9.14859, 0.0, -0.0436194, 0.0, 0.999048, -0.01, 0.01, 0.01
Object, OZ_20_se_fan01A, 68.6003, 5.28646, 5.69575, 0.0, 0.34202, 0.0, 0.939693, -0.01, 0.01, 0.01
Object, OZ_20_se_fan01B, 51.3549, 5.3181899999999995, 6.400030000000001, 0.0, 0.0, 0.0, 1.0, -0.01, 0.01, 0.01
Object, OZ_20_se_table01A, 16.1965, 0.0, 6.69538, 0.0, 0.258819, 0.0, 0.965926, -0.01, 0.01, 0.01
Object, OZ_20_se_table01A, -13.347999999999999, 0.0, 7.56953, 0.0, -0.21644, 0.0, 0.976296, -0.01, 0.01, 0.01
Object, OZ_20_se_table01A, 11.7169, 0.0, 8.14879, 0.0, 0.258819, 0.0, 0.965926, -0.01, 0.01, 0.01
Object, OZ_20_se_table01A, 15.1733, 0.0, 9.49141, 0.0, 0.793353, 0.0, 0.608761, -0.01, 0.01, 0.01
Object, OZ_20_se_table01A, -8.98192, 0.0, 11.078199999999999, 0.0, 0.173648, 0.0, 0.984808, -0.01, 0.01, 0.01
Object, OZ_20_se_table01A, 13.1235, 0.0, 9.92088, 0.0, 0.766044, 0.0, 0.642788, -0.01, 0.01, 0.01
Object, OZ_20_se_table01A, -6.39865, 0.0, 14.3192, 0.0, 0.258819, 0.0, 0.965926, -0.01, 0.01, 0.01
Object, OZ_20_se_table01A, -37.7132, -0.00078455, 8.90847, 0.0, -0.000872665, 0.0, 1.0, -0.01, 0.01, 0.01
Object, OZ_20_se_table01A, -5.713579999999999, 0.0052809499999999995, 17.6275, 0.0, 0.0, 0.0, 1.0, -0.01, 0.01, 0.01
Object, OZ_20_se_table01A, -16.6087, -0.00078455, 8.90847, 0.0, -0.000872665, 0.0, 1.0, -0.01, 0.01, 0.01
Object, OZ_20_se_table01A, 7.2318, 0.0, 40.2091, 0.0, 0.766044, 0.0, 0.642788, -0.01, 0.01, 0.01
Object, OZ_20_se_table01A, -9.04912, 0.0, 17.1644, 0.0, -0.21644, 0.0, 0.976296, -0.01, 0.01, 0.01
Object, OZ_20_se_table01A, 17.750799999999998, 0.0, 8.88987, 0.0, 0.461749, 0.0, 0.887011, -0.01, 0.01, 0.01
Object, OZ_20_se_table01A, 15.714200000000002, 0.0, 11.975200000000001, 0.0, 0.258819, 0.0, 0.965926, -0.01, 0.01, 0.01
Object, OZ_22_ma_juice01A, -79.4619, 0.0, 26.744600000000002, 0.0, 0.382683, 0.0, 0.92388, -0.01, 0.01, 0.01
Object, OZ_22_se_garden01A, -5.13401, 0.0, 8.118120000000001, 0.0, -0.707107, 0.0, 0.707107, -0.01, 0.01, 0.01
Object, OZ_22_se_garden01A, 14.3836, 0.0, -0.5511780000000001, 0.0, 0.0, 0.0, 1.0, -0.01, 0.01, 0.01
Object, OZ_22_se_garden01B, -14.216199999999999, 9.498599999999999e-06, -0.191021, 0.0, 0.0, 0.0, 1.0, -0.01, 0.01, 0.01
Object, OZ_22_se_garden01B, 4.92491, 9.498599999999999e-06, 8.323310000000001, 0.0, 0.0, 0.0, 1.0, -0.01, 0.01, 0.01
Object, OZ_22_se_garden01C, -28.335500000000003, 0.0, 1.04685, 0.0, 0.0, 0.0, 1.0, -0.01, 0.01, 0.01
Object, OZ_22_se_garden01C, 110.51200000000001, -5.25455e-07, -49.6047, 0.0, 0.0, 0.0, 1.0, -0.01, 0.01, 0.01
Object, OZ_22_se_garden01C, 28.2937, 0.0, -1.7584700000000002, 0.0, 0.0, 0.0, 1.0, -0.01, 0.01, 0.01
Object, OZ_22_se_garden01C, 10.6906, 0.0, -8.28983, 0.0, 0.0, 0.0, 1.0, -0.01, 0.01, 0.01
Object, OZ_22_se_garden01C, -9.97871, 0.0, -8.28983, 0.0, 0.0, 0.0, 1.0, -0.01, 0.01, 0.01
Object, OZ_22_se_garden01C, -109.04100000000001, 0.0, 47.9926, 0.0, 0.0, 0.0, 1.0, -0.01, 0.01, 0.01
Object, OZ_22_se_garden01C, -72.7548, 0.0, 7.25154, 0.0, 0.0, 0.0, 1.0, -0.01, 0.01, 0.01
Object, OZ_22_se_garden01C, 72.616, 0.0, -5.49037, 0.0, 0.0, 0.0, 1.0, -0.01, 0.01, 0.01
Object, OZ_22_se_plate02B, -48.0001, 4.53361, -6.41904, 0.0, 1.0, 0.0, 0.0, -0.01, 0.01, 0.01
Object, OZ_22_se_pole02A, 104.271, -0.0270391, -47.2583, 0.0, 0.92388, 0.0, -0.382683, -0.01, 0.01, 0.01
Object, OZ_22_se_pole02A, 110.587, -0.0270391, -40.941700000000004, 0.0, 0.382683, 0.0, 0.92388, -0.01, 0.01, 0.01
Object, OZ_22_se_pole02A, 93.8503, -0.0270391, -36.8376, 0.0, 0.92388, 0.0, -0.382683, -0.01, 0.01, 0.01
Object, OZ_22_se_pole02A, 100.16700000000002, -0.0270391, -30.5026, 0.0, 0.382683, 0.0, 0.92388, -0.01, 0.01, 0.01
Object, OZ_22_se_pole02A, 82.6162, -0.0270391, -25.6034, 0.0, 0.92388, 0.0, -0.382683, -0.01, 0.01, 0.01
Object, OZ_22_se_pole02A, 88.7016, -0.0270391, -19.037000000000003, 0.0, 0.382683, 0.0, 0.92388, -0.01, 0.01, 0.01
Object, OZ_22_se_pole02A, 71.5183, -0.0270391, -14.5647, 0.0, 0.92388, 0.0, -0.382683, -0.01, 0.01, 0.01
Object, OZ_22_se_pole02A, 77.75710000000001, -0.0270391, -8.15654, 0.0, 0.382683, 0.0, 0.92388, -0.01, 0.01, 0.01
Object, OZ_22_se_pole02A, 143.164, 9.14468e-06, -56.4569, 0.0, 1.0, 0.0, 0.0, -0.01, 0.01, 0.01
Object, OZ_22_se_pole02A, 143.151, 9.14273e-06, -47.5107, 0.0, 0.0, 0.0, 1.0, -0.01, 0.01, 0.01
Object, OZ_22_se_pole02A, 126.936, 9.14273e-06, -47.5107, 0.0, 0.0, 0.0, 1.0, -0.01, 0.01, 0.01
Object, OZ_22_se_pole02A, 111.866, 9.14273e-06, -47.5107, 0.0, 0.0, 0.0, 1.0, -0.01, 0.01, 0.01
Object, OZ_22_se_pole02A, 112.206, 9.14468e-06, -56.4569, 0.0, 1.0, 0.0, 0.0, -0.01, 0.01, 0.01
Object, OZ_22_se_pole02A, 127.27600000000001, 9.14468e-06, -56.4569, 0.0, 1.0, 0.0, 0.0, -0.01, 0.01, 0.01
Object, OZ_22_se_pole02A, -71.4853, -0.126938, 14.5506, 0.0, 0.382683, 0.0, 0.92388, -0.01, 0.01, 0.01
Object, OZ_22_se_pole02A, -77.7017, -0.126938, 8.16146, 0.0, 0.92388, 0.0, -0.382683, -0.01, 0.01, 0.01
Object, OZ_22_se_pole02A, -82.7429, -0.126938, 25.8255, 0.0, 0.382683, 0.0, 0.92388, -0.01, 0.01, 0.01
Object, OZ_22_se_pole02A, -88.9595, -0.126938, 19.4181, 0.0, 0.92388, 0.0, -0.382683, -0.01, 0.01, 0.01
Object, OZ_22_se_pole02A, 36.1555, 9.14468e-06, -5.86217, 0.0, 1.0, 0.0, 0.0, -0.01, 0.01, 0.01
Object, OZ_22_se_pole02A, 52.0429, 9.14468e-06, -5.86217, 0.0, 1.0, 0.0, 0.0, -0.01, 0.01, 0.01
Object, OZ_22_se_pole02A, 67.96300000000001, 9.13946e-06, -5.86131, 0.0, 1.0, 0.0, 0.0, -0.01, 0.01, 0.01
Object, OZ_22_se_pole02A, -94.2085, -0.126938, 37.2911, 0.0, 0.382683, 0.0, 0.92388, -0.01, 0.01, 0.01
Object, OZ_22_se_pole02A, -100.194, -0.126938, 30.652199999999997, 0.0, 0.92388, 0.0, -0.382683, -0.01, 0.01, 0.01
Object, OZ_22_se_pole02A, 4.42178, 9.13946e-06, 22.3829, 0.0, 0.707107, 0.0, 0.707107, -0.01, 0.01, 0.01
Object, OZ_22_se_pole02A, -4.51132, 9.15062e-06, 22.3829, 0.0, -0.707107, 0.0, 0.707107, -0.01, 0.01, 0.01
Object, OZ_22_se_pole02A, 67.96300000000001, 9.15062e-06, 3.07179, 0.0, 0.0, 0.0, 1.0, -0.01, 0.01, 0.01
Object, OZ_22_se_pole02A, -110.434, -0.126938, 40.6514, 0.0, 0.92388, 0.0, -0.382683, -0.01, 0.01, 0.01
Object, OZ_22_se_pole02A, 52.030100000000004, 9.14273e-06, 3.08405, 0.0, 0.0, 0.0, 1.0, -0.01, 0.01, 0.01
Object, OZ_22_se_pole02A, -52.633500000000005, -0.126938, 5.87307, 0.0, 0.0, 0.0, 1.0, -0.01, 0.01, 0.01
Object, OZ_22_se_pole02A, 4.42178, 9.13946e-06, 38.6126, 0.0, 0.707107, 0.0, 0.707107, -0.01, 0.01, 0.01
Object, OZ_22_se_pole02A, 35.8153, 9.14273e-06, 3.08405, 0.0, 0.0, 0.0, 1.0, -0.01, 0.01, 0.01
Object, OZ_22_se_pole02A, -4.51132, 9.15062e-06, 38.6126, 0.0, -0.707107, 0.0, 0.707107, -0.01, 0.01, 0.01
Object, OZ_22_se_pole02A, 20.744600000000002, 9.14273e-06, 3.08405, 0.0, 0.0, 0.0, 1.0, -0.01, 0.01, 0.01
Object, OZ_22_se_pole02A, -104.449, -0.126938, 47.290299999999995, 0.0, 0.382683, 0.0, 0.92388, -0.01, 0.01, 0.01
Object, OZ_22_se_pole02A, 21.084699999999998, 9.14468e-06, -5.86217, 0.0, 1.0, 0.0, 0.0, -0.01, 0.01, 0.01
Object, OZ_22_se_pole02A, -20.4858, -0.126938, 5.86082, 0.0, 0.0, 0.0, 1.0, -0.01, 0.01, 0.01
Object, OZ_22_se_pole02A, -20.4858, -0.126938, -3.1485000000000003, 0.0, 1.0, 0.0, 0.0, -0.01, 0.01, 0.01
Object, OZ_22_se_pole02A, 4.42178, 9.13946e-06, 54.178599999999996, 0.0, 0.707107, 0.0, 0.707107, -0.01, 0.01, 0.01
Object, OZ_22_se_pole02A, -4.51132, 9.15062e-06, 54.178599999999996, 0.0, -0.707107, 0.0, 0.707107, -0.01, 0.01, 0.01
Object, OZ_22_se_pole02A, -144.625, -0.0550292, 56.0891, 0.0, 0.0, 0.0, 1.0, -0.01, 0.01, 0.01
Object, OZ_22_se_pole02A, -144.284, -0.0550292, 47.0666, 0.0, 1.0, 0.0, 0.0, -0.01, 0.01, 0.01
Object, OZ_22_se_pole02A, -128.922, -0.0550292, 56.0891, 0.0, 0.0, 0.0, 1.0, -0.01, 0.01, 0.01
Object, OZ_22_se_pole02A, -36.4187, -0.126938, 5.87307, 0.0, 0.0, 0.0, 1.0, -0.01, 0.01, 0.01
Object, OZ_22_se_pole02A, -128.91, -0.0550292, 47.0666, 0.0, 1.0, 0.0, 0.0, -0.01, 0.01, 0.01
Object, OZ_22_se_pole02A, -36.4059, -0.126938, -3.14935, 0.0, 1.0, 0.0, 0.0, -0.01, 0.01, 0.01
Object, OZ_22_se_pole02A, -112.989, -0.0550292, 47.0675, 0.0, 1.0, 0.0, 0.0, -0.01, 0.01, 0.01
Object, OZ_22_se_pole02A, -52.293400000000005, -0.126938, -3.14935, 0.0, 1.0, 0.0, 0.0, -0.01, 0.01, 0.01
Object, OZ_22_se_pole02A, -67.3641, -0.126938, -3.14935, 0.0, 1.0, 0.0, 0.0, -0.01, 0.01, 0.01
Object, OZ_22_se_pole02A, -4.51132, 9.15062e-06, 69.9492, 0.0, -0.707107, 0.0, 0.707107, -0.01, 0.01, 0.01
Object, OZ_22_se_pole02A, 4.42178, 9.13946e-06, 69.9492, 0.0, 0.707107, 0.0, 0.707107, -0.01, 0.01, 0.01
Object, OZ_22_se_pole02A, -67.7043, -0.126938, 5.87307, 0.0, 0.0, 0.0, 1.0, -0.01, 0.01, 0.01
Object, OZ_22_se_pole02A, -112.989, -0.0550292, 56.076800000000006, 0.0, 0.0, 0.0, 1.0, -0.01, 0.01, 0.01
Object, OZ_22_se_roof01A, 135.43, 12.0, -51.972100000000005, 0.0, 1.50996e-07, 0.0, 1.0, -0.01, 0.01, 0.01
Object, OZ_22_se_roof01A, -3.41797e-05, 12.0, 62.1642, 0.0, -0.707107, 0.0, 0.707107, -0.01, 0.01, 0.01
Object, OZ_22_se_roof01A, -3.0517600000000003e-07, 12.0, 29.8358, 0.0, 0.707107, 0.0, 0.707107, -0.01, 0.01, 0.01
Object, OZ_22_se_roof01A, -102.194, 12.0, 38.899699999999996, 0.0, 0.92388, 0.0, -0.382683, -0.01, 0.01, 0.01
Object, OZ_22_se_roof01A, -60.4923, 12.0, 1.3904400000000001, 0.0, 1.0, 0.0, 0.0, -0.01, 0.01, 0.01
Object, OZ_22_se_roof01A, -28.163800000000002, 12.0, 1.37366, 0.0, 1.50996e-07, 0.0, 1.0, -0.01, 0.01, 0.01
Object, OZ_22_se_roof01A, 102.29299999999999, 12.0, -38.9754, 0.0, 0.382683, 0.0, 0.92388, -0.01, 0.01, 0.01
Object, OZ_22_se_roof01A, 79.43390000000001, 12.0, -16.1159, 0.0, 0.92388, 0.0, -0.382683, -0.01, 0.01, 0.01
Object, OZ_22_se_roof01A, -79.346, 12.0, 16.0281, 0.0, 0.382684, 0.0, 0.92388, -0.01, 0.01, 0.01
Object, OZ_22_se_roof01A, -136.80200000000002, 12.0, 51.6275, 0.0, 1.0, 0.0, 0.0, -0.01, 0.01, 0.01
Object, OZ_22_se_roof01A, -120.474, 12.0, 51.6275, 0.0, 1.50996e-07, 0.0, 1.0, -0.01, 0.01, 0.01
Object, OZ_22_se_roof01A, 119.60700000000001, 12.0, -51.9384, 0.0, 1.0, 0.0, 0.0, -0.01, 0.01, 0.01
Object, OZ_22_se_roof01A, 60.4923, 12.0, -1.38316, 0.0, 1.50996e-07, 0.0, 1.0, -0.01, 0.01, 0.01
Object, OZ_22_se_roof01A, 28.163800000000002, 12.0, -1.38319, 0.0, 1.0, 0.0, 0.0, -0.01, 0.01, 0.01
Object, OZ_22_se_roof01B, -44.328100000000006, 12.0, 1.37364, 0.0, 0.0, 0.0, 1.0, -0.01, 0.01, 0.01
Object, OZ_22_se_roof01B, -7.324220000000001e-06, 12.0, 45.99979999999999, 0.0, 0.707107, 0.0, 0.707107, -0.01, 0.01, 0.01
Object, OZ_22_se_roof01B, -90.77590000000001, 12.0, 27.458000000000002, 0.0, 0.382683, 0.0, 0.92388, -0.01, 0.01, 0.01
Object, OZ_22_se_roof01B, 44.328, 12.0, -1.38318, 0.0, 0.0, 0.0, 1.0, -0.01, 0.01, 0.01
Object, OZ_22_se_roof01B, 90.8519, 12.0, -27.557600000000004, 0.0, 0.382683, 0.0, 0.92388, -0.01, 0.01, 0.01
Object, OZ_22_se_stage02A, -0.212167, 0.01, -14.5767, 0.0, 0.0, 0.0, 1.0, -0.01, 0.01, 0.01
Object, OZ_24_ma_board01A, -37.8147, 0.7304550000000001, 8.81643, 0.0, 0.991445, 0.130526, 0.0, -0.01, 0.01, 0.01
Object, OZ_24_ma_board02A, -85.5092, 0.0, 32.262100000000004, 0.0, 0.0, 0.0, 1.0, -0.01, 0.01, 0.01
Object, OZ_24_ma_board02A, 7.52049, 0.0, 69.1413, 0.0, 0.300706, 0.0, 0.953717, -0.01, 0.01, 0.01
Object, OZ_24_ma_publicity01A, -41.8075, 1.7060499999999998, 9.74703, 0.0, 0.0, 0.0, 1.0, -0.01, 0.01, 0.01
Object, OZ_24_ma_publicity01B, 57.83520000000001, 1.7017, -9.76154, 0.0, 0.0, 0.0, 1.0, -0.01, 0.01, 0.01
Object, OZ_24_ma_publicity01C, 66.097, 1.57331, 7.00204, 0.0, 1.0, 0.0, 0.0, -0.01, 0.01, 0.01
Object, OZ_24_ma_publicity02A, 53.8254, 1.16583, -9.75419, 0.0, -0.707107, 0.0, 0.707107, -0.01, 0.01, 0.01
Object, OZ_24_ma_publicity02A, 21.799899999999997, 1.45803, -9.76881, 0.0, -0.707107, 0.0, 0.707107, -0.01, 0.01, 0.01
Object, OZ_24_ma_publicity02B, -72.6476, 1.224, -2.4795, 0.0, -0.382683, 0.0, 0.92388, -0.01, 0.01, 0.010804000000000001
Object, OZ_24_ma_publicity02B, 64.8518, 1.12951, 7.98986, 0.0, 0.707107, 0.0, 0.707107, -0.01, 0.01, 0.010804000000000001
Object, OZ_24_ma_publicity02B, -111.993, 2.03624, 39.246300000000005, 0.0, 0.0, 0.0, 1.0, -0.01, 0.01, 0.010804000000000001
Object, OZ_24_ma_shop01A, -14.024500000000002, -1.75476e-06, 16.0387, 0.0, 0.0, 0.0, 1.0, -0.01, 0.01, 0.01
Object, OZ_24_ma_shop02A, 40.0, 1.45941e-05, 7.338680000000001, 0.0, 0.0, 0.0, 1.0, -0.01, 0.01, 0.01
Object, OZ_24_ma_shop03A, 16.1529, 1.2160400000000001e-05, 17.7225, 0.0, 0.0, 0.0, 1.0, -0.01, 0.01, 0.01
Object, OZ_24_ma_shop04A, -23.999899999999997, 3.09853e-05, 10.1329, 0.0, 0.0, 0.0, 1.0, -0.01, 0.01, 0.01
Object, OZ_24_ma_shop05A, -56.0001, -0.00366936, -7.36304, 0.0, 1.0, 0.0, 0.0, -0.01, 0.01, 0.01
Object, OZ_24_ma_shop06A, 55.99979999999999, 3.41331e-05, 7.3625300000000005, 0.0, 0.0, 0.0, 1.0, -0.01, 0.01, 0.01
Object, OZ_24_ma_shop07A, 48.0, 7.19985e-06, -10.1318, 0.0, 1.0, 0.0, 0.0, -0.01, 0.01, 0.01
Object, OZ_24_ma_signpole01A, 40.727, 0.0, 6.01318, 0.0, 0.0, 0.0, 1.0, -0.01, 0.01, 0.01
Object, OZ_24_ma_store01A, 56.0, 1.20831e-05, -10.174800000000001, 0.0, 0.92388, 0.0, 0.382683, -0.01, 0.01, 0.01
Object, OZ_24_ma_store01A, -98.46190000000001, 1.34277e-05, 47.5921, 0.0, 1.50996e-07, 0.0, 1.0, -0.01, 0.01, 0.01
Object, OZ_24_ma_store01A, 71.3669, 1.2741099999999999e-05, 4.39491, 0.0, 0.0, 0.0, 1.0, -0.01, 0.01, 0.01
Object, OZ_24_ma_store01A, -40.0, 1.46484e-05, 10.174800000000001, 0.0, -0.382683, 0.0, 0.92388, -0.01, 0.01, 0.01
Object, OZ_24_ma_store01A, -70.1776, 1.58691e-05, 19.3078, 0.0, 1.50996e-07, 0.0, 1.0, -0.01, 0.01, 0.01
Object, OZ_24_ma_store01A, 139.686, 1.64329e-05, -43.1978, 0.0, -0.382683, 0.0, 0.92388, -0.01, 0.01, 0.01
Object, OZ_24_ma_store01A, -8.17894, 1.58691e-05, 34.0318, 0.0, 0.92388, 0.0, -0.382684, -0.01, 0.01, 0.01
Object, OZ_24_ma_store01A, 81.4914, 1.4038099999999999e-05, -30.6215, 0.0, 1.0, 0.0, 0.0, -0.01, 0.01, 0.01
Object, OZ_24_ma_store02A, 24.0, 1.41044e-05, -9.17174, 0.0, 1.0, 0.0, 0.0, -0.01, 0.01, 0.01
Object, OZ_24_ma_store02A, -70.6864, 1.31989e-05, -3.63906, 0.0, 0.92388, 0.0, -0.382683, -0.01, 0.01, 0.01
Object, OZ_24_ma_store02A, 7.79913, 1.11943e-05, 42.009499999999996, 0.0, 0.707107, 0.0, 0.707107, -0.01, 0.01, 0.01
Object, OZ_24_ma_store03A, -124.08, 1.30844e-05, 60.4969, 0.0, 0.0, 0.0, 1.0, -0.01, 0.01, 0.01
Object, OZ_24_ma_store03A, -31.9998, 1.36284e-05, 9.82265, 0.0, 0.0, 0.0, 1.0, -0.01, 0.01, 0.01
Object, OZ_24_ma_store03A, 98.71100000000001, 1.32851e-05, -47.34310000000001, 0.0, 0.92388, 0.0, -0.382683, -0.01, 0.01, 0.01
Object, OZ_24_ma_store03A, 8.450050000000001, 1.33811e-05, 26.0095, 0.0, 0.707107, 0.0, 0.707107, -0.01, 0.01, 0.01
Object, OZ_24_ma_store03A, -7.82679, 1.52588e-05, 58.031800000000004, 0.0, -0.707107, 0.0, 0.707107, -0.01, 0.01, 0.01
Object, OZ_24_ma_store03A, 124.0, 1.58691e-05, -43.550000000000004, 0.0, 0.0, 0.0, 1.0, -0.01, 0.01, 0.01
Object, OZ_24_ma_store03A, 64.0, 1.64329e-05, 7.05953, 0.0, 0.0, 0.0, 1.0, -0.01, 0.01, 0.01
Object, OZ_24_ma_store03A, -124.029, 1.4118100000000001e-05, 43.5966, 0.0, 1.0, 0.0, 0.0, -0.01, 0.01, 0.01
Object, OZ_24_ma_store03A, -76.8035, 1.38473e-05, 1.55754, 0.0, 0.92388, 0.0, -0.382683, -0.01, 0.01, 0.01
Object, OZ_24_ma_store04A, 82.07809999999999, 1.06765e-05, -7.52136, 0.0, 0.382684, 0.0, 0.92388, -0.01, 0.01, 0.01
Object, OZ_24_ma_store04A, -104.721, 1.34277e-05, 52.64640000000001, 0.0, 0.382684, 0.0, 0.923879, -0.01, 0.01, 0.01
Object, OZ_24_ma_store04A, -7.326770000000001, 1.47438e-05, 50.031800000000004, 0.0, -0.707106, 0.0, 0.707107, -0.01, 0.01, 0.01
Object, OZ_24_ma_store04A, 124.073, 1.43433e-05, -59.9909, 0.0, 1.0, 0.0, 0.0, -0.01, 0.01, 0.01
Object, OZ_24_ma_store04A, -24.0, 1.31989e-05, -6.55953, 0.0, 1.0, 0.0, 0.0, -0.01, 0.01, 0.01
Object, OZ_24_ma_store04A, 48.0, 1.52122e-05, 6.55953, 0.0, 0.0, 0.0, 1.0, -0.01, 0.01, 0.01
Object, OZ_24_ma_store04A, -87.76370000000001, 1.3168500000000001e-05, 13.2248, 0.0, 0.92388, 0.0, -0.382684, -0.01, 0.01, 0.01
Object, OZ_24_ma_store05A, -140.029, 1.38511e-05, 43.3466, 0.0, 1.0, 0.0, 0.0, -0.01, 0.01, 0.01
Object, OZ_24_ma_store05A, -93.9509, 1.2458700000000002e-05, 18.351300000000002, 0.0, 0.92388, 0.0, -0.382683, -0.01, 0.01, 0.01
Object, OZ_24_ma_store05A, 70.2499, 1.30844e-05, -19.2356, 0.0, 0.92388, 0.0, -0.382683, -0.01, 0.01, 0.01
Object, OZ_24_ma_store05A, -8.076789999999999, 1.46484e-05, 42.031800000000004, 0.0, -0.707107, 0.0, 0.707107, -0.01, 0.01, 0.01
Object, OZ_24_ma_store05A, 8.70003, 9.36732e-06, 66.0095, 0.0, 0.707107, 0.0, 0.707107, -0.01, 0.01, 0.01
Object, OZ_24_ma_store05A, -81.5636, 1.28174e-05, 30.5493, 0.0, 0.382683, 0.0, 0.92388, -0.01, 0.01, 0.01
Object, OZ_24_ma_store06A, 132.0, 1.52588e-05, -44.050000000000004, 0.0, 0.0, 0.0, 1.0, -0.01, 0.01, 0.01
Object, OZ_24_ma_store06A, 32.0, 1.58226e-05, 6.55953, 0.0, 0.0, 0.0, 1.0, -0.01, 0.01, 0.01
Object, OZ_24_ma_store06A, 93.3918, 1.0639000000000001e-05, -18.835, 0.0, 0.382683, 0.0, 0.92388, -0.01, 0.01, 0.01
Object, OZ_24_ma_store06A, -87.7508, 1.28174e-05, 35.675900000000006, 0.0, 0.382683, 0.0, 0.92388, -0.01, 0.01, 0.01
Object, OZ_24_ma_store07A, 8.15004, -5.28112e-06, 50.0095, 0.0, 1.0, 0.0, 0.0, -0.01, 0.01, 0.01
Object, OZ_24_ma_store07A, -7.5267800000000005, -1.4263e-07, 26.0318, 0.0, 0.0, 0.0, 1.0, -0.01, 0.01, 0.01
Object, OZ_24_ma_store07A, 87.8763, -2.17838e-06, -13.036800000000001, 0.0, 0.92388, 0.0, 0.382683, -0.01, 0.01, 0.01
Object, OZ_24_ma_store07A, 87.60940000000001, -2.18391e-06, -35.8173, 0.0, -0.382683, 0.0, 0.92388, -0.01, 0.01, 0.01
Object, OZ_24_ma_store08A, -82.2483, 2.8610000000000002e-06, 7.426520000000001, 0.0, 0.92388, 0.0, -0.382683, -0.01, 0.01, 0.01
Object, OZ_24_ma_store08A, 76.5626, 3.6903500000000005e-07, -1.72308, 0.0, 0.382683, 0.0, 0.92388, -0.01, 0.01, 0.01
Object, OZ_24_ma_store08A, 132.073, 4.03672e-06, -60.1909, 0.0, 1.0, 0.0, 0.0, -0.01, 0.01, 0.01
Object, OZ_24_ma_store08A, -76.29560000000001, 3.05176e-06, 24.5035, 0.0, 0.382683, 0.0, 0.92388, -0.01, 0.01, 0.01
Object, OZ_24_ma_store08A, 40.0, 1.70669e-06, -9.52264, 0.0, 1.0, 0.0, 0.0, -0.01, 0.01, 0.01
Object, OZ_24_ma_store08A, 76.2957, 2.25028e-06, -24.5035, 0.0, 0.92388, 0.0, -0.382683, -0.01, 0.01, 0.01
Object, OZ_24_ma_store08A, -40.0, 3.7384e-06, -6.759539999999999, 0.0, 1.0, 0.0, 0.0, -0.01, 0.01, 0.01
Object, OZ_24_ma_store08A, 99.19, 8.774440000000001e-07, -24.350500000000004, 0.0, 0.382683, 0.0, 0.92388, -0.01, 0.01, 0.01
Object, OZ_24_ma_store08A, -64.0001, 2.82288e-06, -6.75953, 0.0, 1.0, 0.0, 0.0, -0.01, 0.01, 0.01
Object, OZ_24_ma_store08A, -7.52679, 2.4414100000000003e-06, 66.0318, 0.0, -0.707107, 0.0, 0.707107, -0.01, 0.01, 0.01
Object, OZ_24_ma_store08A, -132.029, 2.02552e-06, 43.8966, 0.0, 1.0, 0.0, 0.0, -0.01, 0.01, 0.01
Object, OZ_24_ma_store08A, 104.58, 1.02958e-06, -52.7878, 0.0, 0.92388, 0.0, -0.382683, -0.01, 0.01, 0.01
Object, OZ_24_ma_store08A, -99.21889999999999, 1.37699e-06, 24.397100000000002, 0.0, 0.92388, 0.0, -0.382683, -0.01, 0.01, 0.01
Object, OZ_24_ma_store09A, -63.9613, 1.49154e-05, 12.2924, 0.0, 0.0, 0.0, 1.0, -0.01, 0.01, 0.01
Object, OZ_24_ma_store10A, 24.0, 2.40326e-06, 8.10635, 0.0, 0.0, 0.0, 1.0, -0.01, 0.01, 0.01
Object, OZ_24_ma_store12A, 116.0, 2.6701e-07, -43.85, 0.0, 0.0, 0.0, 1.0, -0.01, 0.01, 0.01
Object, OZ_24_ma_store12A, -116.029, -1.6747600000000002e-06, 43.8966, 0.0, 1.0, 0.0, 0.0, -0.01, 0.01, 0.01
Object, OZ_24_ma_store13A, -140.08, 1.30844e-05, 60.4969, 0.0, 0.0, 0.0, 1.0, -0.01, 0.01, 0.01
Object, OZ_24_ma_store14A, -132.08, 1.2130699999999999e-05, 59.846000000000004, 0.0, 0.0, 0.0, 1.0, -0.01, 0.01, 0.01
Object, OZ_24_ma_store14A, 140.073, 1.49155e-05, -59.84, 0.0, 1.0, 0.0, 0.0, -0.01, 0.01, 0.01
Object, OZ_24_ma_store14A, 93.51440000000001, 1.2626300000000001e-05, -41.226000000000006, 0.0, 0.92388, 0.0, -0.382683, -0.01, 0.01, 0.01
Object, OZ_24_ma_store14A, 7.79912, 8.80361e-06, 58.0095, 0.0, 0.707107, 0.0, 0.707107, -0.01, 0.01, 0.01
Object, OZ_24_ma_store14A, -93.5143, 1.2207e-05, 41.226000000000006, 0.0, 0.382683, 0.0, 0.92388, -0.01, 0.01, 0.01
Object, OZ_24_ma_store15A, -113.84700000000001, -8.39233e-07, 57.7354, 0.0, 0.92388, 0.0, -0.382683, -0.01, 0.01, 0.01
Object, OZ_24_ma_store15A, 113.84, 1.63993e-06, -57.7293, 0.0, 0.382683, 0.0, 0.92388, -0.01, 0.01, 0.01
Object, OZ_24_ma_Tapestry01A, -29.5988, 1.7109299999999998, 9.49466, 0.0, 1.0, 0.0, 0.0, -0.01, 0.01, 0.01
Object, OZ_24_ma_Tapestry01A, -86.3317, 1.7152600000000002, 34.5473, 0.0, 0.92388, 0.0, -0.382684, -0.01, 0.01, 0.01
Object, OZ_24_ma_Tapestry01A, -88.7633, 1.71351, 36.8271, 0.0, 0.92388, 0.0, -0.382684, -0.01, 0.01, 0.01
Object, OZ_24_ma_Tapestry01B, -34.423899999999996, 1.7052, 9.80481, 0.0, 0.707107, 0.0, 0.707107, -0.01, 0.01, 0.01
Object, OZ_24_ma_Tapestry01B, 26.2279, 1.71032, -9.40645, 0.0, -0.707107, 0.0, 0.707107, -0.01, 0.01, 0.01
Object, OZ_24_ma_wagon01A, 71.7482, 0.0, 2.21233, 0.0, 0.92388, 0.0, 0.382683, -0.01, 0.01, 0.01
Object, OZ_24_ma_wagon01A, 72.72670000000001, 0.0, 1.23892, 0.0, 0.92388, 0.0, 0.382683, -0.01, 0.01, 0.01
Object, OZ_24_ma_wagon01A, -69.3234, 0.0, 16.6815, 0.0, 0.92388, 0.0, 0.382683, -0.01, 0.01, 0.01
Object, OZ_24_ma_wagon01A, 95.9857, 0.0, -43.2808, 0.0, -0.382683, 0.0, 0.92388, -0.01, 0.01, 0.01
Object, OZ_24_ma_wagon01A, 95.00540000000001, 0.0, -42.3076, 0.0, -0.382683, 0.0, 0.92388, -0.01, 0.01, 0.01
Object, OZ_24_ma_wagon01A, -6.79044, 0.0, 44.7866, 0.0, 0.0, 0.0, 1.0, -0.01, 0.01, 0.01
Object, OZ_24_ma_wagon01A, -6.79044, 0.0, 43.372600000000006, 0.0, 0.0, 0.0, 1.0, -0.01, 0.01, 0.01
Object, OZ_24_ma_wagon01A, 12.526700000000002, 0.0, 16.792, 0.0, 0.92388, 0.0, 0.382684, -0.01, 0.01, 0.01
Object, OZ_24_ma_wagon01A, 11.5867, 0.0, 17.708, 0.0, 0.92388, 0.0, 0.382684, -0.01, 0.01, 0.01
Object, OZ_24_se_barricade01A, -90.00959999999999, 0.0, 37.542300000000004, 0.0, 0.382683, 0.0, 0.92388, -0.01, 0.01, 0.01
Object, OZ_24_se_barricade01A, -86.71270000000001, 0.0, 34.3001, 0.0, 0.382683, 0.0, 0.92388, -0.01, 0.01, 0.01
Object, OZ_24_se_barricade01A, -88.3476, 0.0, 35.9398, 0.0, 0.382683, 0.0, 0.92388, -0.01, 0.01, 0.01
Object, OZ_24_se_barricade01B, -9.41013, 0.0, -14.0995, 0.0, 0.0, 0.0, 1.0, -0.01, 0.01, 0.01
Object, OZ_24_se_barricade01B, 11.8935, 0.0, -14.217500000000001, 0.0, 0.0, 0.0, 1.0, -0.01, 0.01, 0.01
Object, OZ_24_se_barricade01B, -12.5271, 0.0, -14.120000000000001, 0.0, 0.0, 0.0, 1.0, -0.01, 0.01, 0.01
Object, OZ_24_se_barricade01B, 8.88194, 0.0, -14.217500000000001, 0.0, 0.0, 0.0, 1.0, -0.01, 0.01, 0.01
Object, OZ_24_se_barricade02A, -2.34358, -7.39414e-06, 70.97850000000001, 0.0, 0.0, 0.0, 1.0, -0.01, 0.01, 0.01
Object, OZ_24_se_barricade02A, 1.88286, -7.39414e-06, 70.97850000000001, 0.0, 0.0, 0.0, 1.0, -0.01, 0.01, 0.01
Object, OZ_24_se_board01A, 6.650170000000001, 0.0, 45.079499999999996, 0.0, 0.707107, 0.0, 0.707107, -0.01, 0.01, 0.01
Object, OZ_24_se_board01A, -70.3188, 0.0, 17.6145, 0.0, 0.382683, 0.0, 0.92388, -0.01, 0.01, 0.01
Object, OZ_24_se_board01A, 73.58760000000001, 0.0, -20.9268, 0.0, 0.422618, 0.0, 0.906308, -0.01, 0.01, 0.01
Object, OZ_24_se_board01B, -77.38850000000001, 0.0, 3.3466500000000003, 0.0, 0.382683, 0.0, 0.92388, -0.01, 0.01, 0.01
Object, OZ_24_se_board01B, 57.568000000000005, 0.0, -8.54281, 0.0, 0.0, 0.0, 1.0, -0.01, 0.01, 0.01
Object, OZ_24_se_board01B, -6.22952, 0.0, 32.432900000000004, 0.0, -0.707107, 0.0, 0.707107, -0.01, 0.01, 0.01
Object, OZ_24_se_board02A, -82.3423, 0.0, 29.7584, 0.0, 0.642788, 0.0, 0.766044, -0.01, 0.01, 0.01
Object, OZ_24_se_board02A, 7.07262, 0.0, 28.2269, 0.0, 0.422618, 0.0, 0.906308, -0.01, 0.01, 0.01
Object, OZ_24_se_board02A, 69.6858, 0.0, 4.39913, 0.0, 0.0, 0.0, 1.0, -0.01, 0.01, 0.01
Object, OZ_24_se_board02A, 100.70100000000001, 0.0, -48.1023, 0.0, 0.0, 0.0, 1.0, -0.01, 0.01, 0.01
Object, OZ_24_se_board03A, 27.677300000000002, 5.43236, -8.91484, 0.0, 0.0, 0.0, 1.0, -0.01, 0.01, 0.01
Object, OZ_24_se_board03A, 7.5687500000000005, 5.5778099999999995, 45.772, 0.0, -0.707107, 0.0, 0.707107, -0.01, 0.01, 0.01
Object, OZ_24_se_board03A, -67.7249, 5.45654, 9.00811, 0.0, 1.0, 0.0, 0.0, -0.01, 0.01, 0.01
Object, OZ_24_se_board03A, 106.913, 5.54223, -32.85, 0.0, 0.906308, 0.0, -0.422618, -0.01, 0.01, 0.01
Object, OZ_24_se_board03B, 21.8229, 0.0, -8.7856, 0.0, 0.0, 0.0, 1.0, -0.01, 0.01, 0.01
Object, OZ_24_se_board03B, 7.50779, 0.0, 65.7668, 0.0, -0.707107, 0.0, 0.707107, -0.01, 0.01, 0.01
Object, OZ_24_se_board03B, 83.3964, 0.0, -30.7436, 0.0, 0.422618, 0.0, 0.906308, -0.01, 0.01, 0.01
Object, OZ_24_se_board03C, 7.586720000000001, 0.0, 56.013400000000004, 0.0, -0.707107, 0.0, 0.707107, -0.01, 0.01, 0.01
Object, OZ_24_se_board03C, -34.3905, 0.0, 8.989740000000001, 0.0, 1.0, 0.0, 0.0, -0.01, 0.01, 0.01
Object, OZ_24_se_board03C, 91.54690000000001, 0.0, -38.9946, 0.0, 0.422618, 0.0, 0.906308, -0.01, 0.01, 0.01
Object, OZ_24_se_board03C, -80.98479999999999, 0.0, 28.726799999999997, 0.0, 0.92388, 0.0, -0.382683, -0.01, 0.01, 0.01
Object, OZ_24_se_board03C, 21.0987, 0.0, -8.75899, 0.0, 0.0, 0.0, 1.0, -0.01, 0.01, 0.01
Object, OZ_24_se_board03E, 83.9713, 0.0, -31.173800000000004, 0.0, 0.382683, 0.0, 0.92388, -0.01, 0.01, 0.01
Object, OZ_24_se_board03E, 58.3233, 0.0, -8.49746, 0.0, 0.0, 0.0, 1.0, -0.01, 0.01, 0.01
Object, OZ_24_se_board03E, 7.36268, 0.0, 44.4547, 0.0, 0.887011, 0.0, -0.461749, -0.01, 0.01, 0.01
Object, OZ_24_se_board03E, -30.665, 0.0, 8.97453, 0.0, 1.0, 0.0, 0.0, -0.01, 0.01, 0.01
Object, OZ_24_se_board03E, -74.74260000000001, 0.0, 0.9014709999999999, 0.0, 0.0, 0.0, 1.0, -0.01, 0.01, 0.01
Object, OZ_24_se_board04A, -59.7237, 8.747670000000001, -6.22952, 0.0, 0.0, 0.0, 1.0, -0.01, 0.01, 0.01
Object, OZ_24_se_board05A, -57.0136, 8.78521, -3.84726, 0.0, 1.0, 0.0, 0.0, -0.01, 0.01, 0.01
Object, OZ_24_se_board05A, 70.3761, 8.745890000000001, -14.3887, 0.0, 0.382683, 0.0, 0.92388, -0.01, 0.01, 0.01
Object, OZ_24_se_board05A, 26.9572, 8.745890000000001, -6.27579, 0.0, 0.0, 0.0, 1.0, -0.01, 0.01, 0.01
Object, OZ_24_se_board05A, 60.143100000000004, 8.745890000000001, 3.1472300000000004, 0.0, 0.0, 0.0, 1.0, -0.01, 0.01, 0.01
Object, OZ_24_se_board05A, -25.381999999999998, 8.78521, 6.5627200000000006, 0.0, 1.0, 0.0, 0.0, -0.01, 0.01, 0.01
Object, OZ_24_se_board05B, -41.0263, 8.75451, -3.78295, 0.0, 1.0, 0.0, 0.0, -0.01, 0.01, 0.01
Object, OZ_24_se_board05B, 88.4255, 8.73943, -18.2583, 0.0, 0.382683, 0.0, 0.92388, -0.01, 0.01, 0.01
Object, OZ_24_se_board05B, 43.991899999999994, 8.73943, -6.25633, 0.0, 0.0, 0.0, 1.0, -0.01, 0.01, 0.01
Object, OZ_24_se_board05C, 81.33720000000001, 8.76581, -25.315700000000003, 0.0, 0.382683, 0.0, 0.92388, -0.01, 0.01, 0.01
Object, OZ_24_se_board05C, -41.0066, 8.73196, 6.557569999999999, 0.0, 0.0, 0.0, 1.0, -0.01, 0.01, 0.01
Object, OZ_24_se_board05C, 60.1443, 8.73196, -6.28829, 0.0, 0.0, 0.0, 1.0, -0.01, 0.01, 0.01
Object, OZ_24_se_board05C, -72.5638, 8.73196, -3.81144, 0.0, 0.0, 0.0, 1.0, -0.01, 0.01, 0.01
Object, OZ_24_se_board05C, 43.9992, 8.73196, 2.9495999999999998, 0.0, 0.0, 0.0, 1.0, -0.01, 0.01, 0.01
Object, OZ_24_se_board05D, 110.62299999999999, 8.52279, -39.8984, 0.0, 0.382683, 0.0, 0.92388, -0.01, 0.01, 0.01
Object, OZ_24_se_board05D, 26.9507, 8.75576, 2.92378, 0.0, 0.0, 0.0, 1.0, -0.01, 0.01, 0.01
Object, OZ_24_se_board05D, 92.65209999999999, 8.75576, -36.872800000000005, 0.0, 0.382683, 0.0, 0.92388, -0.01, 0.01, 0.01
Object, OZ_24_se_board05D, 77.6583, 8.75576, -7.0420799999999995, 0.0, 0.382683, 0.0, 0.92388, -0.01, 0.01, 0.01
Object, OZ_24_se_board05D, -25.3296, 8.70255, -3.82003, 0.0, 1.0, 0.0, 0.0, -0.01, 0.01, 0.01
Object, OZ_24_se_board05D, 99.693, 8.75576, -29.637800000000002, 0.0, 0.382683, 0.0, 0.92388, -0.01, 0.01, 0.01
Object, OZ_24_se_board05D, -56.985299999999995, 8.70255, 6.627079999999999, 0.0, 1.0, 0.0, 0.0, -0.01, 0.01, 0.01
Object, OZ_24_se_board06A, 6.88587, 0.0, 61.5396, 0.0, 0.735015, 0.0, 0.678051, -0.01, 0.01, 0.01
Object, OZ_24_se_board06B, -38.628800000000005, 0.0, 9.080820000000001, 0.0, 0.707107, 0.0, 0.707107, -0.01, 0.01, 0.01
Object, OZ_24_se_board06B, -6.9459100000000005, 0.0, 22.3279, 0.0, 0.707107, 0.0, 0.707107, -0.01, 0.01, 0.01
Object, OZ_24_se_board06B, 106.70299999999999, 0.0, -33.0073, 0.0, 0.939693, 0.0, -0.34202, -0.01, 0.01, 0.01
Object, OZ_24_se_board07A, 101.95100000000001, 6.82923, -49.3799, 0.0, 0.422618, 0.0, 0.906308, -0.01, 0.01, 0.01
Object, OZ_24_se_board07A, 67.7323, 6.72178, 6.1427, 0.0, 1.0, 0.0, 0.0, -0.01, 0.01, 0.01
Object, OZ_24_se_board07A, 27.6571, 8.120090000000001, 6.179880000000001, 0.0, 1.0, 0.0, 0.0, -0.01, 0.01, 0.01
Object, OZ_24_se_board07A, 101.46100000000001, 8.22232, -27.485100000000003, 0.0, 0.906308, 0.0, -0.422618, -0.01, 0.01, 0.01
Object, OZ_24_se_board08A, 59.6542, 5.596369999999999, -8.888, 0.0, 0.0, 0.0, 1.0, -0.01, 0.01, 0.01
Object, OZ_24_se_board08A, -90.7381, 5.55015, 38.234899999999996, 0.0, 0.906308, 0.0, -0.422618, -0.01, 0.01, 0.01
Object, OZ_24_se_board08A, -6.98125, 5.57014, 53.5842, 0.0, 0.707107, 0.0, 0.707107, -0.01, 0.01, 0.01
Object, OZ_24_se_board08A, -27.745700000000003, 5.66001, -6.1954899999999995, 0.0, 0.0, 0.0, 1.0, -0.01, 0.01, 0.01
Object, OZ_24_se_board08A, 95.7108, 5.596369999999999, -21.776500000000002, 0.0, 0.906308, 0.0, -0.422618, -0.01, 0.01, 0.01
Object, OZ_24_se_board08A, 96.2675, 5.78488, -43.746300000000005, 0.0, 0.382683, 0.0, 0.92388, -0.01, 0.01, 0.01
Object, OZ_24_se_board08A, -59.9639, 5.66001, 8.931280000000001, 0.0, 1.0, 0.0, 0.0, -0.01, 0.01, 0.01
Object, OZ_24_se_board09A, -6.92825, 6.757210000000001, 61.7174, 0.0, 0.707107, 0.0, 0.707107, -0.01, 0.01, 0.01
Object, OZ_24_se_board09A, 85.0532, 5.6839900000000005, -32.3365, 0.0, 0.422618, 0.0, 0.906308, -0.01, 0.01, 0.01
Object, OZ_24_se_board09A, -44.2611, 5.34703, -6.07348, 0.0, 0.0, 0.0, 1.0, -0.01, 0.01, 0.01
Object, OZ_24_se_board09A, -35.859, 6.80385, 8.784170000000001, 0.0, 1.0, 0.0, 0.0, -0.01, 0.01, 0.01
Object, OZ_24_se_board09A, 7.56186, 6.69326, 29.9192, 0.0, -0.707107, 0.0, 0.707107, -0.01, 0.01, 0.01
Object, OZ_24_se_board09A, -78.8441, 6.81982, 4.89227, 0.0, 0.422618, 0.0, 0.906308, -0.01, 0.01, 0.01
Object, OZ_24_se_board09A, 43.9029, 5.38779, 6.098920000000001, 0.0, 1.0, 0.0, 0.0, -0.01, 0.01, 0.01
Object, OZ_24_se_board10A, -59.741899999999994, 5.378920000000001, -6.22412, 0.0, 0.0, 0.0, 1.0, -0.01, 0.01, 0.01
Object, OZ_24_se_board10A, 51.734300000000005, 6.4515400000000005, 6.14993, 0.0, 1.0, 0.0, 0.0, -0.01, 0.01, 0.01
Object, OZ_24_se_board10A, 119.581, 5.4152, -59.612700000000004, 0.0, 0.0, 0.0, 1.0, -0.01, 0.01, 0.01
Object, OZ_24_se_board10A, -6.91405, 5.51029, 30.3664, 0.0, 0.707107, 0.0, 0.707107, -0.01, 0.01, 0.01
Object, OZ_24_se_board11A, 40.1614, 2.8816699999999997, 6.60076, 0.0, -0.642788, 0.0, 0.766044, -0.01, 0.01, 0.01
Object, OZ_24_se_board11B, -59.73930000000001, 2.8569099999999996, -6.598339999999999, 0.0, 0.707107, 0.0, 0.707107, -0.01, 0.01, 0.01
Object, OZ_24_se_board11C, 7.99849, 3.0354300000000003, 30.9374, 0.0, 0.0, 0.0, 1.0, -0.01, 0.01, 0.01
Object, OZ_24_se_board11D, -52.4195, 2.85759, 9.36501, 0.0, -0.707107, 0.0, 0.707107, -0.01, 0.01, 0.01
Object, OZ_24_se_board11E, -12.4418, 2.79408, 16.9274, 0.0, 0.92388, 0.0, -0.382683, -0.01, 0.01, 0.01
Object, OZ_24_se_board11F, 44.4087, 2.8566000000000003, -9.36603, 0.0, 0.707107, 0.0, 0.707107, -0.01, 0.01, 0.01
Object, OZ_24_se_board11G, -51.7513, 2.86176, -6.598339999999999, 0.0, 0.707107, 0.0, 0.707107, -0.01, 0.01, 0.01
Object, OZ_24_se_board11H, -35.5932, 2.87844, -6.60278, 0.0, 0.707107, 0.0, 0.707107, -0.01, 0.01, 0.01
Object, OZ_24_se_board11I, 13.312000000000001, 2.86213, 16.737000000000002, 0.00975776, -0.365619, 0.00414194, 0.930704, -0.01, 0.01, 0.01
Object, OZ_24_se_board11J, -44.443999999999996, 2.85759, 9.36751, 0.0, -0.707107, 0.0, 0.707107, -0.01, 0.01, 0.01
Object, OZ_24_se_board11L, 59.6911, 2.8817700000000004, 6.60862, 0.0, -0.642788, 0.0, 0.766044, -0.01, 0.01, 0.01
Object, OZ_24_se_board11M, 60.2522, 2.8566000000000003, -9.36853, 0.0, 0.707107, 0.0, 0.707107, -0.01, 0.01, 0.01
Object, OZ_24_se_board11N, -20.354400000000002, 2.85759, 9.36751, 0.0, -0.707107, 0.0, 0.707107, -0.01, 0.01, 0.01
Object, OZ_24_se_board11O, 28.1023, 2.8566000000000003, -9.36853, 0.0, 0.707107, 0.0, 0.707107, -0.01, 0.01, 0.01
Object, OZ_24_se_flag01A, -68.4276, 0.0, 15.299700000000001, 0.0, -0.819152, 0.0, 0.573576, -0.01, 0.01, 0.01
Object, OZ_24_se_flag01A, -6.55013, 0.0, 38.426500000000004, 0.0, 0.999048, 0.0, 0.0436193, -0.01, 0.01, 0.01
Object, OZ_24_se_flag01A, -36.5292, 0.0, -6.09413, 0.0, 0.0, 0.0, 1.0, -0.01, 0.01, 0.01
Object, OZ_24_se_flag01A, -6.55013, 0.0, 46.0285, 0.0, 0.999048, 0.0, 0.0436193, -0.01, 0.01, 0.01
Object, OZ_24_se_flag01A, 79.60180000000001, 0.0, -26.7875, 0.0, 0.5, 0.0, 0.866025, -0.01, 0.01, 0.01
Object, OZ_24_se_flag01B, 7.524640000000001, 0.0, 69.92960000000001, 0.0, 0.0, 0.0, 1.0, -0.01, 0.01, 0.01
Object, OZ_24_se_flag01B, -73.27, 0.0, 20.241300000000003, 0.0, -0.766044, 0.0, 0.642788, -0.01, 0.01, 0.01
Object, OZ_24_se_flag01B, 58.995400000000004, 0.0, -8.84187, 0.0, 0.0, 0.0, 1.0, -0.01, 0.01, 0.01
Object, OZ_24_se_flag01B, 68.053, 0.0, 5.02844, 0.0, 0.906308, 0.0, -0.422618, -0.01, 0.01, 0.01
Object, OZ_24_se_flag01E, 44.4173, 0.0, -8.98432, 0.0, 0.0, 0.0, 1.0, -0.01, 0.01, 0.01
Object, OZ_24_se_flag01E, 51.577299999999994, 0.0, -8.72023, 0.0, -0.21644, 0.0, 0.976296, -0.01, 0.01, 0.01
Object, OZ_24_se_flag02A, -40.9535, 6.87844, 6.60606, 0.0, 1.0, 0.0, 0.0, -0.01, 0.01, 0.01
Object, OZ_24_se_flag02A, -56.992799999999995, 6.87844, -3.84954, 0.0, 1.0, 0.0, 0.0, -0.01, 0.01, 0.01
Object, OZ_24_se_flag02A, 77.6136, 6.87788, -7.01754, 0.0, 0.382683, 0.0, 0.92388, -0.01, 0.01, 0.01
Object, OZ_24_se_flag02A, 60.0846, 6.85904, -6.30866, 0.0, 0.0, 0.0, 1.0, -0.01, 0.01, 0.01
Object, OZ_24_se_flag02A, 43.9395, 6.89741, 2.92923, 0.0, 0.0, 0.0, 1.0, -0.01, 0.01, 0.01
Object, OZ_24_se_flag02A, 26.9203, 6.87788, -6.27708, 0.0, 0.0, 0.0, 1.0, -0.01, 0.01, 0.01
Object, OZ_24_se_flag02A, -25.299200000000003, 6.8346100000000005, -3.82459, 0.0, 1.0, 0.0, 0.0, -0.01, 0.01, 0.01
Object, OZ_24_se_flag02A, 81.2806, 6.89289, -25.2879, 0.0, 0.382683, 0.0, 0.92388, -0.01, 0.01, 0.01
Object, OZ_24_se_flag02B, 92.62790000000001, 6.90362, -36.8418, 0.0, 0.382683, 0.0, 0.92388, -0.01, 0.01, 0.01
Object, OZ_24_se_flag02B, -25.355300000000003, 6.87361, 6.60798, 0.0, 1.0, 0.0, 0.0, -0.01, 0.01, 0.01
Object, OZ_24_se_flag02B, 60.0948, 6.88754, 3.12087, 0.0, 0.0, 0.0, 1.0, -0.01, 0.01, 0.01
Object, OZ_24_se_flag02B, -56.9667, 6.87361, 6.60798, 0.0, 1.0, 0.0, 0.0, -0.01, 0.01, 0.01
Object, OZ_24_se_flag02B, 88.38719999999999, 6.87482, -18.2329, 0.0, 0.382683, 0.0, 0.92388, -0.01, 0.01, 0.01
Object, OZ_24_se_flag02B, -72.5297, 6.87361, -3.7927999999999997, 0.0, 1.0, 0.0, 0.0, -0.01, 0.01, 0.01
Object, OZ_24_se_flag02B, 26.9203, 6.87361, 2.9104300000000003, 0.0, 0.0, 0.0, 1.0, -0.01, 0.01, 0.01
Object, OZ_24_se_flag02B, 43.9469, 6.87482, -6.2654499999999995, 0.0, 0.0, 0.0, 1.0, -0.01, 0.01, 0.01
Object, OZ_24_se_flag03A, -4.5940900000000005, 3.6162, -12.946800000000001, 0.0, 0.0, 0.0, 1.0, -0.01, 0.01, 0.01
Object, OZ_24_se_flag03A, 4.4885399999999995, 3.6162, -12.946800000000001, 0.0, 0.0, 0.0, 1.0, -0.01, 0.01, 0.01
Object, OZ_24_se_plate01B, -47.9341, 4.61502, -6.41739, 0.0, 1.0, 0.0, 0.0, -0.01, 0.01, 0.01
Object, OZ_24_se_plate01B, -56.0722, 4.37938, -6.09185, 0.0, 1.0, 0.0, 0.0, -0.01, 0.01, 0.01
Object, OZ_24_se_plate01B, -46.0188, 4.8032900000000005, 9.00628, 0.0, 0.0, 0.0, 1.0, -0.01, 0.01, 0.01
Object, OZ_24_se_plate01B, -56.0108, 4.52919, 8.90704, 0.0, 0.0, 0.0, 1.0, -0.01, 0.01, 0.01
Object, OZ_24_se_plate01B, 55.9816, 4.172, 6.09611, 0.0, -1.19209e-07, 0.0, 1.0, -0.01, 0.01, 0.01
Object, OZ_24_se_plate01B, 62.475500000000004, 4.56993, -8.90503, 0.0, 1.0, 0.0, 0.0, -0.01, 0.01, 0.01
Object, OZ_24_se_plate01B, 47.9653, 4.19621, -8.86734, 0.0, 1.0, 0.0, 0.0, -0.01, 0.01, 0.01
Object, OZ_24_se_plate01B, 7.53376, 4.7942, 32.3737, 0.0, 0.707107, 0.0, 0.707107, -0.01, 0.01, 0.01
Object, OZ_24_se_plate01B, -23.9839, 4.32678, 8.8615, 0.0, 0.0, 0.0, 1.0, -0.01, 0.01, 0.01
Object, OZ_24_se_plate01B, 32.1728, 4.64284, -9.08251, 0.0, 1.0, 0.0, 1.94707e-07, -0.01, 0.01, 0.01
Object, OZ_24_se_plate01B, 10.788, 5.01483, 18.2057, 0.0, 0.382683, 0.0, 0.92388, -0.01, 0.01, 0.01
Object, OZ_24_se_plate01B, 40.8458, 4.41005, 6.04519, 0.0, -1.19209e-07, 0.0, 1.0, -0.01, 0.01, 0.01
Object, OZ_24_se_plate01B, -34.661500000000004, 4.684130000000001, -6.3031500000000005, 0.0, 1.0, 0.0, 0.0, -0.01, 0.01, 0.01
Object, OZ_24_se_plate01B, -14.611500000000001, 4.28857, 13.9581, 0.0, -0.382683, 0.0, 0.92388, -0.01, 0.01, 0.01
Object, OZ_24_se_publicity02A, 39.8245, 1.4792599999999998, -10.363199999999999, 0.0, 0.0, 0.0, 1.0, -0.01, 0.011745000000000002, 0.005549650000000001
Object, OZ_24_se_publicity03A, 48.778000000000006, 1.4715799999999999, 6.990069999999999, 0.0, 0.0, 0.0, 1.0, -0.01, 0.01, 0.01
Object, OZ_24_se_publicity03A, 8.39439, 1.7231100000000001, 23.5635, 0.0, 0.707107, 0.0, 0.707107, -0.01, 0.01, 0.01
Object, OZ_24_se_publicity03A, 40.1781, 1.6745500000000002, -10.3678, 0.0, 0.0, 0.0, 1.0, -0.01, 0.01, 0.01
Object, OZ_24_se_publicity03B, 47.992799999999995, 1.80035, 6.991770000000001, 0.0, 0.0, 0.0, 1.0, -0.01, 0.01, 0.01
Object, OZ_24_se_screen01A, -0.325805, 4.95534, -20.702600000000004, 0.0, 0.0, 0.0, 1.0, -0.01, 0.01, 0.01
Object, OZ_24_se_shop01A, -56.0, -1.74038e-05, 10.3911, 0.0, 0.0, 0.0, 1.0, -0.01, 0.01, 0.01
Object, OZ_24_se_shop02A, -32.0, 0.0, -7.72173, 0.0, 1.0, 0.0, 0.0, -0.01, 0.01, 0.01
Object, OZ_24_se_shop03A, 9.053560000000001, 6.9724e-06, 34.0096, 0.0, 0.707107, 0.0, 0.707107, -0.01, 0.01, 0.01
Object, OZ_24_se_shop04A, 32.0, 0.0027656900000000003, -10.499400000000001, 0.0, 1.0, 0.0, 0.0, -0.01, 0.01, 0.01
Object, OZ_24_se_shop05A, -48.0001, 1.32198e-05, -7.8117600000000005, 0.0, 1.0, 0.0, 0.0, -0.01, 0.01, 0.01
Object, OZ_24_se_shop06A, -48.00020000000001, 1.4843e-05, 10.4255, 0.0, 0.0, 0.0, 1.0, -0.01, 0.01, 0.01
Object, OZ_24_se_shop07A, 64.18979999999999, 7.20024e-06, -12.4108, 0.0, 1.0, 0.0, 0.0, -0.01, 0.01, 0.01
Object, OZ_24_se_wall01A, -0.10112700000000001, 3.23284e-07, -14.008, 0.0, 0.0, 0.0, 1.0, -0.01, 0.01, 0.01
Object, OZ_26_nk_beltpole01A, -89.0681, 0.0, 14.8253, 0.0, 0.382683, 0.0, 0.92388, -0.01, 0.01, 0.01
Object, OZ_26_nk_belt01A, -89.0681, 0.0, 14.8253, 0.0, 0.382683, 0.0, 0.92388, -0.01, 0.01, 0.01
Object, OZ_26_nk_belt01A, -87.6463, 0.0, 16.248, 0.0, 0.382683, 0.0, 0.92388, -0.01, 0.01, 0.01
Object, OZ_26_nk_beltpole01A, -87.6463, 0.0, 16.248, 0.0, 0.382683, 0.0, 0.92388, -0.01, 0.01, 0.01
Object, OZ_26_nk_belt01A, -84.8026, 0.0, 19.0924, 0.0, 0.382683, 0.0, 0.92388, -0.01, 0.01, 0.01
Object, OZ_26_nk_beltpole01A, -84.8026, 0.0, 19.0924, 0.0, 0.382683, 0.0, 0.92388, -0.01, 0.01, 0.01
Object, OZ_26_nk_beltpole01A, -86.2244, 0.0, 17.669800000000002, 0.0, 0.382683, 0.0, 0.92388, -0.01, 0.01, 0.01
Object, OZ_26_nk_belt01A, -86.2244, 0.0, 17.669800000000002, 0.0, 0.382683, 0.0, 0.92388, -0.01, 0.01, 0.01
Object, OZ_26_nk_belt01A, -79.1177, 0.0, 24.78, 0.0, 0.382683, 0.0, 0.92388, -0.01, 0.01, 0.01
Object, OZ_26_nk_beltpole01A, -79.1177, 0.0, 24.78, 0.0, 0.382683, 0.0, 0.92388, -0.01, 0.01, 0.01
Object, OZ_26_nk_beltpole01A, -80.5394, 0.0, 23.3574, 0.0, 0.382683, 0.0, 0.92388, -0.01, 0.01, 0.01
Object, OZ_26_nk_belt01A, -80.5394, 0.0, 23.3574, 0.0, 0.382683, 0.0, 0.92388, -0.01, 0.01, 0.01
Object, OZ_26_nk_beltpole01A, -81.9614, 0.0, 21.9356, 0.0, 0.382683, 0.0, 0.92388, -0.01, 0.01, 0.01
Object, OZ_26_nk_beltpole01A, -83.3831, 0.0, 20.5129, 0.0, 0.382683, 0.0, 0.92388, -0.01, 0.01, 0.01
Object, OZ_26_nk_belt01A, -83.3831, 0.0, 20.5129, 0.0, 0.382683, 0.0, 0.92388, -0.01, 0.01, 0.01
Object, OZ_26_nk_belt01A, -81.9614, 0.0, 21.9356, 0.0, 0.382683, 0.0, 0.92388, -0.01, 0.01, 0.01
Object, OZ_26_nk_beltpole01A, -77.6944, 0.0, 26.2035, 0.0, 0.382683, 0.0, 0.92388, -0.01, 0.01, 0.01
Object, OZ_26_nk_beltpole01A, 90.0092, 0.0, -14.958599999999999, 0.0, 0.382683, 0.0, 0.92388, -0.01, 0.01, 0.01
Object, OZ_26_nk_belt01A, 87.16420000000001, 0.0, -17.8047, 0.0, 0.382683, 0.0, 0.92388, -0.01, 0.01, 0.01
Object, OZ_26_nk_belt01A, 88.58590000000001, 0.0, -16.3821, 0.0, 0.382683, 0.0, 0.92388, -0.01, 0.01, 0.01
Object, OZ_26_nk_beltpole01A, 87.16420000000001, 0.0, -17.8047, 0.0, 0.382683, 0.0, 0.92388, -0.01, 0.01, 0.01
Object, OZ_26_nk_belt01A, 85.7422, 0.0, -19.2265, 0.0, 0.382683, 0.0, 0.92388, -0.01, 0.01, 0.01
Object, OZ_26_nk_beltpole01A, 85.7422, 0.0, -19.2265, 0.0, 0.382683, 0.0, 0.92388, -0.01, 0.01, 0.01
Object, OZ_26_nk_belt01A, 84.3204, 0.0, -20.6491, 0.0, 0.382683, 0.0, 0.92388, -0.01, 0.01, 0.01
Object, OZ_26_nk_beltpole01A, 84.3204, 0.0, -20.6491, 0.0, 0.382683, 0.0, 0.92388, -0.01, 0.01, 0.01
Object, OZ_26_nk_belt01A, 82.90100000000001, 0.0, -22.069699999999997, 0.0, 0.382683, 0.0, 0.92388, -0.01, 0.01, 0.01
Object, OZ_26_nk_beltpole01A, 82.90100000000001, 0.0, -22.069699999999997, 0.0, 0.382683, 0.0, 0.92388, -0.01, 0.01, 0.01
Object, OZ_26_nk_belt01A, 81.4792, 0.0, -23.4923, 0.0, 0.382683, 0.0, 0.92388, -0.01, 0.01, 0.01
Object, OZ_26_nk_beltpole01A, 81.4792, 0.0, -23.4923, 0.0, 0.382683, 0.0, 0.92388, -0.01, 0.01, 0.01
Object, OZ_26_nk_belt01A, 80.0573, 0.0, -24.914099999999998, 0.0, 0.382683, 0.0, 0.92388, -0.01, 0.01, 0.01
Object, OZ_26_nk_beltpole01A, 80.0573, 0.0, -24.914099999999998, 0.0, 0.382683, 0.0, 0.92388, -0.01, 0.01, 0.01
Object, OZ_26_nk_belt01A, 78.63550000000001, 0.0, -26.3367, 0.0, 0.382683, 0.0, 0.92388, -0.01, 0.01, 0.01
Object, OZ_26_nk_beltpole01A, 78.63550000000001, 0.0, -26.3367, 0.0, 0.382683, 0.0, 0.92388, -0.01, 0.01, 0.01
Object, OZ_26_nk_beltpole01A, 88.58590000000001, 0.0, -16.3821, 0.0, 0.382683, 0.0, 0.92388, -0.01, 0.01, 0.01
Object, OZ_26_nk_belt01A, 5.02335, 0.0, 44.0947, 0.0, 0.707107, 0.0, 0.707107, -0.01, 0.01, 0.01
Object, OZ_26_nk_beltpole01A, 5.02335, 0.0, 44.0947, 0.0, 0.707107, 0.0, 0.707107, -0.01, 0.01, 0.01
Object, OZ_26_nk_belt01A, 3.01248, 0.0, 44.094899999999996, 0.0, 0.707107, 0.0, 0.707107, -0.01, 0.01, 0.01
Object, OZ_26_nk_beltpole01A, 3.01248, 0.0, 44.094899999999996, 0.0, 0.707107, 0.0, 0.707107, -0.01, 0.01, 0.01
Object, OZ_26_nk_belt01A, 1.00122, 0.0, 44.0942, 0.0, 0.707107, 0.0, 0.707107, -0.01, 0.01, 0.01
Object, OZ_26_nk_beltpole01A, 1.00122, 0.0, 44.0942, 0.0, 0.707107, 0.0, 0.707107, -0.01, 0.01, 0.01
Object, OZ_26_nk_belt01A, -1.00698, 0.0, 44.093500000000006, 0.0, 0.707107, 0.0, 0.707107, -0.01, 0.01, 0.01
Object, OZ_26_nk_beltpole01A, -1.00698, 0.0, 44.093500000000006, 0.0, 0.707107, 0.0, 0.707107, -0.01, 0.01, 0.01
Object, OZ_26_nk_belt01A, -3.01823, 0.0, 44.0928, 0.0, 0.707107, 0.0, 0.707107, -0.01, 0.01, 0.01
Object, OZ_26_nk_beltpole01A, -3.01823, 0.0, 44.0928, 0.0, 0.707107, 0.0, 0.707107, -0.01, 0.01, 0.01
Object, OZ_26_nk_belt01A, -5.029100000000001, 0.0, 44.093, 0.0, 0.707107, 0.0, 0.707107, -0.01, 0.01, 0.01
Object, OZ_26_nk_beltpole01A, -5.029100000000001, 0.0, 44.093, 0.0, 0.707107, 0.0, 0.707107, -0.01, 0.01, 0.01
Object, OZ_26_nk_belt01A, -7.04036, 0.0, 44.092299999999994, 0.0, 0.707107, 0.0, 0.707107, -0.01, 0.01, 0.01
Object, OZ_26_nk_beltpole01A, -7.04036, 0.0, 44.092299999999994, 0.0, 0.707107, 0.0, 0.707107, -0.01, 0.01, 0.01
Object, OZ_26_nk_beltpole01A, 7.0346, 0.0, 44.0954, 0.0, 0.707107, 0.0, 0.707107, -0.01, 0.01, 0.01
Object, OZ_26_nk_beltpole01A, -18.256400000000003, 0.0, -10.6204, 0.0, 0.92388, 0.0, -0.382683, -0.01, 0.01, 0.01
Object, OZ_26_nk_belt01A, -16.8347, 0.0, -9.19779, 0.0, 0.92388, 0.0, -0.382683, -0.01, 0.01, 0.01
Object, OZ_26_nk_beltpole01A, -16.8347, 0.0, -9.19779, 0.0, 0.92388, 0.0, -0.382683, -0.01, 0.01, 0.01
Object, OZ_26_nk_beltpole01A, 17.9209, 0.0, -10.408199999999999, 0.0, -0.382684, 0.0, 0.923879, -0.01, 0.01, 0.01
Object, OZ_26_nk_belt01A, 17.9209, 0.0, -10.408199999999999, 0.0, -0.382684, 0.0, 0.923879, -0.01, 0.01, 0.01
Object, OZ_26_nk_beltpole01A, 16.4983, 0.0, -8.98648, 0.0, -0.382684, 0.0, 0.923879, -0.01, 0.01, 0.01
